Date,Open,High,Low,Close,Adj Close,Volume,Epic
02/03/2015,133.809998,134.572998,133.772995,133.727005,133.727005,0,EURJPY
03/03/2015,134.337997,134.369995,133.660004,134.339996,134.339996,0,EURJPY
04/03/2015,133.740997,133.779999,132.406998,133.770996,133.770996,0,EURJPY
05/03/2015,132.554001,133.585999,132.117996,132.550003,132.550003,0,EURJPY
06/03/2015,132.460007,132.5,131.229004,132.419998,132.419998,0,EURJPY
09/03/2015,130.897995,131.692993,130.856003,130.931,130.931,0,EURJPY
10/03/2015,131.552002,131.854004,129.759995,131.522003,131.522003,0,EURJPY
11/03/2015,129.626007,129.938004,128.225006,129.600998,129.600998,0,EURJPY
12/03/2015,128.089005,128.987,127.667999,128.061005,128.061005,0,EURJPY
13/03/2015,128.869003,128.990005,127.167,128.889999,128.889999,0,EURJPY
16/03/2015,127.223,128.600006,127.208,127.18,127.18,0,EURJPY
17/03/2015,128.289993,129.128006,128.080002,128.309998,128.309998,0,EURJPY
18/03/2015,128.503006,128.815002,128.259995,128.546005,128.546005,0,EURJPY
19/03/2015,130.197998,130.727997,128.386993,130.257004,130.257004,0,EURJPY
20/03/2015,128.854004,130.473007,128.710007,128.820999,128.820999,0,EURJPY
23/03/2015,129.876999,130.927002,129.302994,129.889008,129.889008,0,EURJPY
24/03/2015,131.044006,131.5,130.350998,131.082993,131.082993,0,EURJPY
25/03/2015,130.621002,131.380005,130.600998,130.613998,130.613998,0,EURJPY
26/03/2015,131.039993,131.044006,129.919998,131.009003,131.009003,0,EURJPY
27/03/2015,129.75,129.852005,129.029999,129.727005,129.727005,0,EURJPY
30/03/2015,129.761002,130.162994,129.330002,129.787003,129.787003,0,EURJPY
31/03/2015,129.957993,130.233002,128.684006,129.957993,129.957993,0,EURJPY
01/04/2015,128.839005,129.397003,128.432999,128.863007,128.863007,0,EURJPY
02/04/2015,128.761993,130.371994,128.610001,128.776001,128.776001,0,EURJPY
03/04/2015,130.097,130.955002,130.016006,130.110001,130.110001,0,EURJPY
06/04/2015,130.701004,131.276993,130.498993,130.701004,130.701004,0,EURJPY
07/04/2015,130.641006,131.009995,130.089996,130.626007,130.626007,0,EURJPY
08/04/2015,130.156006,130.320007,129.442993,130.171005,130.171005,0,EURJPY
09/04/2015,129.509003,129.755997,128.389008,129.511002,129.511002,0,EURJPY
10/04/2015,128.593994,128.759995,127.278,128.576996,128.576996,0,EURJPY
13/04/2015,127.490997,127.802002,126.598,127.517998,127.517998,0,EURJPY
14/04/2015,126.919998,127.581001,126.086998,126.919998,126.919998,0,EURJPY
15/04/2015,127.170998,127.440002,126.301003,127.170998,127.170998,0,EURJPY
16/04/2015,127.182999,128.078003,126.793999,127.202003,127.202003,0,EURJPY
17/04/2015,128.070999,128.690002,127.792999,128.074005,128.074005,0,EURJPY
20/04/2015,128.408005,128.654999,127.606003,128.419998,128.419998,0,EURJPY
21/04/2015,128.138,128.666,127.470001,128.115005,128.115005,0,EURJPY
22/04/2015,128.457993,128.932999,128.201004,128.498993,128.498993,0,EURJPY
23/04/2015,128.625,129.475998,127.887001,128.632996,128.632996,0,EURJPY
24/04/2015,129.307007,130.104004,128.839005,129.309998,129.309998,0,EURJPY
27/04/2015,129.229996,129.860992,129.005005,129.223999,129.223999,0,EURJPY
28/04/2015,129.578003,130.604996,129.356003,129.559998,129.559998,0,EURJPY
29/04/2015,130.369995,132.834,130.259003,130.309006,130.309006,0,EURJPY
30/04/2015,132.210999,134.220993,131.313995,132.199997,132.199997,0,EURJPY
01/05/2015,133.957001,135.220001,133.957001,133.957993,133.957993,0,EURJPY
04/05/2015,134.403,134.667999,133.710007,134.376999,134.376999,0,EURJPY
05/05/2015,133.901001,134.460007,133.126007,133.889999,133.889999,0,EURJPY
06/05/2015,134.112,135.647003,134.072998,134.130005,134.130005,0,EURJPY
07/05/2015,135.375,135.949997,134.222,135.410004,135.410004,0,EURJPY
08/05/2015,134.608002,135.199997,134.121002,134.610001,134.610001,0,EURJPY
11/05/2015,134.117996,134.190002,133.490997,134.089996,134.089996,0,EURJPY
12/05/2015,133.858994,135.268997,133.766006,133.876999,133.876999,0,EURJPY
13/05/2015,134.425995,135.479996,134.235001,134.460007,134.460007,0,EURJPY
14/05/2015,135.259003,136.404007,135.218002,135.240005,135.240005,0,EURJPY
15/05/2015,135.899994,136.557007,135.722,135.901001,135.901001,0,EURJPY
18/05/2015,136.574005,136.927994,135.809998,136.563004,136.563004,0,EURJPY
19/05/2015,135.787003,135.819,133.940002,135.787994,135.787994,0,EURJPY
20/05/2015,134.455994,134.75,133.938995,134.468002,134.468002,0,EURJPY
21/05/2015,134.557999,135.315994,134.259995,134.544998,134.544998,0,EURJPY
22/05/2015,134.459,135.307007,133.720993,134.479996,134.479996,0,EURJPY
25/05/2015,133.600006,133.802994,133.229996,133.610992,133.610992,0,EURJPY
26/05/2015,133.419998,134.453995,133.098999,133.389999,133.389999,0,EURJPY
27/05/2015,133.906998,134.888,133.796997,133.869003,133.869003,0,EURJPY
28/05/2015,134.809998,135.837006,134.738998,134.848007,134.848007,0,EURJPY
29/05/2015,135.690002,136.320999,135.417999,135.709,135.709,0,EURJPY
01/06/2015,136.121002,136.136993,135.158005,136.072006,136.072006,0,EURJPY
02/06/2015,136.391006,138.613007,136.100006,136.330002,136.330002,0,EURJPY
03/06/2015,138.304001,140.039993,138.080002,138.278,138.278,0,EURJPY
04/06/2015,139.962997,141.029999,139.565994,139.923996,139.923996,0,EURJPY
05/06/2015,139.395004,140.673996,139.042999,139.401993,139.401993,0,EURJPY
08/06/2015,139.472,140.528,139.046005,139.518997,139.518997,0,EURJPY
09/06/2015,140.524994,140.977997,139.391006,140.509003,140.509003,0,EURJPY
10/06/2015,140.470001,140.651993,138.438995,140.438004,140.438004,0,EURJPY
11/06/2015,139.009995,139.492004,138.559998,138.960007,138.960007,0,EURJPY
12/06/2015,138.983002,139.179001,138.007996,138.934006,138.934006,0,EURJPY
15/06/2015,138.369995,139.070007,138.179001,138.309006,138.309006,0,EURJPY
16/06/2015,139.160004,139.983002,138.309998,139.147995,139.147995,0,EURJPY
17/06/2015,138.768005,139.841003,138.723007,138.740005,138.740005,0,EURJPY
18/06/2015,140.389999,140.389999,139.470001,140.432999,140.432999,0,EURJPY
19/06/2015,139.889008,139.949005,138.938995,139.856995,139.856995,0,EURJPY
22/06/2015,139.479996,140.578003,139.279999,139.509003,139.509003,0,EURJPY
23/06/2015,139.998993,139.998993,138.274002,139.983994,139.983994,0,EURJPY
24/06/2015,138.410004,139.160004,138.289993,138.391998,138.391998,0,EURJPY
25/06/2015,138.794998,138.830994,137.692993,138.770996,138.770996,0,EURJPY
26/06/2015,138.460999,138.649994,137.804001,138.460007,138.460007,0,EURJPY
29/06/2015,134.445999,137.169998,134.445999,134.556,134.556,0,EURJPY
30/06/2015,137.619003,137.619003,135.912994,137.576996,137.576996,0,EURJPY
01/07/2015,136.272995,137.339996,136.065994,136.259003,136.259003,0,EURJPY
02/07/2015,136.102005,136.873001,136.102005,136.108994,136.108994,0,EURJPY
03/07/2015,136.389008,136.835999,136.061005,136.406998,136.406998,0,EURJPY
06/07/2015,134.600998,135.970001,134.600998,134.567993,134.567993,0,EURJPY
07/07/2015,135.479996,135.660004,133.511993,135.460007,135.460007,0,EURJPY
08/07/2015,134.862,134.862,133.399994,134.839996,134.839996,0,EURJPY
09/07/2015,133.839996,135,133.460007,133.772995,133.772995,0,EURJPY
10/07/2015,134.582001,137.25,134.369995,134.595993,134.595993,0,EURJPY
13/07/2015,136.328995,137.761993,135.891998,136.311005,136.311005,0,EURJPY
14/07/2015,135.763,136.255005,135.309998,135.809998,135.809998,0,EURJPY
15/07/2015,135.75,136.339996,135.552002,135.740005,135.740005,0,EURJPY
16/07/2015,135.522003,135.570007,134.779999,135.539993,135.539993,0,EURJPY
17/07/2015,135.119995,135.270004,134.481995,135.115997,135.115997,0,EURJPY
20/07/2015,134.440002,135.041,134.352997,134.449997,134.449997,0,EURJPY
21/07/2015,134.643005,135.529999,134.509995,134.643005,134.643005,0,EURJPY
22/07/2015,135.468994,135.619995,134.856003,135.449997,135.449997,0,EURJPY
23/07/2015,135.524994,136.419998,135.477997,135.528,135.528,0,EURJPY
24/07/2015,136.100006,136.263,135.529999,136.093994,136.093994,0,EURJPY
27/07/2015,135.783997,137.057999,135.748993,135.778,135.778,0,EURJPY
28/07/2015,136.699997,136.968002,136.360001,136.669998,136.669998,0,EURJPY
29/07/2015,136.759995,136.841003,136.320007,136.722,136.722,0,EURJPY
30/07/2015,136.108002,136.464005,135.714005,136.123993,136.123993,0,EURJPY
31/07/2015,135.75,137.289993,135.578003,135.731995,135.731995,0,EURJPY
03/08/2015,136.059998,136.410995,135.869995,136.059998,136.059998,0,EURJPY
04/08/2015,135.733994,136.151993,135.548996,135.764008,135.764008,0,EURJPY
05/08/2015,135.287003,135.893997,135,135.285995,135.285995,0,EURJPY
06/08/2015,136.039993,136.460999,135.837997,136.005997,136.005997,0,EURJPY
07/08/2015,136.244995,136.557007,135.578995,136.255005,136.255005,0,EURJPY
10/08/2015,136.25,136.910004,136.212997,136.25,136.25,0,EURJPY
11/08/2015,137.270004,138.365997,136.792007,137.266998,137.266998,0,EURJPY
12/08/2015,138.130997,138.847,138.070999,138.080002,138.080002,0,EURJPY
13/08/2015,138.649994,138.841995,138.080002,138.632996,138.632996,0,EURJPY
14/08/2015,138.766998,138.847,137.951996,138.768005,138.768005,0,EURJPY
17/08/2015,137.977005,138.362,137.610001,137.934998,137.934998,0,EURJPY
18/08/2015,137.804993,137.891998,137.095001,137.835999,137.835999,0,EURJPY
19/08/2015,137.182007,137.570007,137.089996,137.179993,137.179993,0,EURJPY
20/08/2015,137.772995,138.630005,137.751007,137.759003,137.759003,0,EURJPY
21/08/2015,138.690002,138.820007,138.199997,138.675003,138.675003,0,EURJPY
24/08/2015,138.479996,138.923004,136.259003,138.462997,138.462997,0,EURJPY
25/08/2015,137.639999,138.580002,136.669998,137.673004,137.673004,0,EURJPY
26/08/2015,137.085999,137.582001,135.608002,136.923004,136.923004,0,EURJPY
27/08/2015,136.065002,136.324005,135.281006,136.108994,136.108994,0,EURJPY
28/08/2015,136.033997,136.589996,135.348007,136.087006,136.087006,0,EURJPY
31/08/2015,135.975998,136.304001,135.675003,135.988007,135.988007,0,EURJPY
01/09/2015,135.940002,136.212997,134.682007,135.927994,135.927994,0,EURJPY
02/09/2015,135.231003,135.759003,134.733002,135.201004,135.201004,0,EURJPY
03/09/2015,135.237,135.345001,133.153,135.179993,135.179993,0,EURJPY
04/09/2015,133.589996,133.589996,132.237,133.559998,133.559998,0,EURJPY
07/09/2015,132.899994,133.339996,132.738998,132.880005,132.880005,0,EURJPY
08/09/2015,133.281006,134.320999,132.970001,133.270004,133.270004,0,EURJPY
09/09/2015,134.559998,135.173004,134.240005,134.580002,134.580002,0,EURJPY
10/09/2015,134.869003,136.020004,134.755005,134.931,134.931,0,EURJPY
11/09/2015,136.126007,136.830002,135.714005,136.104996,136.104996,0,EURJPY
14/09/2015,137,137,135.529999,136.996994,136.996994,0,EURJPY
15/09/2015,136.089996,136.403,135.001007,136.098999,136.098999,0,EURJPY
16/09/2015,135.690002,136.315994,135.130005,135.740005,135.740005,0,EURJPY
17/09/2015,136.095001,137.069,136.095001,136.100998,136.100998,0,EURJPY
18/09/2015,136.899994,137.067993,136.054001,136.858002,136.858002,0,EURJPY
21/09/2015,135.425003,136.117004,134.848999,135.490005,135.490005,0,EURJPY
22/09/2015,134.796997,134.906006,133.5,134.832001,134.832001,0,EURJPY
23/09/2015,133.559998,134.673996,133.149994,133.520004,133.520004,0,EURJPY
24/09/2015,134.470001,134.742996,134.009995,134.479996,134.479996,0,EURJPY
25/09/2015,134.468994,135.335007,134.119995,134.401001,134.401001,0,EURJPY
28/09/2015,134.807007,134.873993,133.945999,134.820999,134.820999,0,EURJPY
29/09/2015,134.556,134.940002,134.229996,134.576996,134.576996,0,EURJPY
30/09/2015,134.869995,135.097,133.580002,134.906006,134.906006,0,EURJPY
01/10/2015,133.895004,134.220993,133.457993,133.863007,133.863007,0,EURJPY
02/10/2015,134.117996,134.699997,133.987,134.089996,134.089996,0,EURJPY
05/10/2015,134.639999,135.699005,134.578003,134.647003,134.647003,0,EURJPY
06/10/2015,134.865005,135.524002,134.406998,134.850006,134.850006,0,EURJPY
07/10/2015,135.496002,135.619995,134.610992,135.470001,135.470001,0,EURJPY
08/10/2015,134.800003,135.453995,134.720001,134.764008,134.764008,0,EURJPY
09/10/2015,135.339996,136.858002,135.069,135.322998,135.322998,0,EURJPY
12/10/2015,136.548996,136.932007,136.220001,136.619995,136.619995,0,EURJPY
13/10/2015,136.304001,136.591003,136.018005,136.289993,136.289993,0,EURJPY
14/10/2015,136.339996,136.610001,136.145004,136.289993,136.289993,0,EURJPY
15/10/2015,136.363007,136.720001,134.800003,136.350006,136.350006,0,EURJPY
16/10/2015,135.339996,135.869003,134.960007,135.330002,135.330002,0,EURJPY
19/10/2015,135.470001,135.759995,135.080002,135.490005,135.490005,0,EURJPY
20/10/2015,135.360001,136.209,135.259995,135.360001,135.360001,0,EURJPY
21/10/2015,136,136.378006,135.960007,135.990005,135.990005,0,EURJPY
22/10/2015,135.985992,136.050003,134.160995,135.979996,135.979996,0,EURJPY
23/10/2015,133.973007,134.229004,133.434006,133.919998,133.919998,0,EURJPY
26/10/2015,133.667007,133.735992,133.156006,133.658997,133.658997,0,EURJPY
27/10/2015,133.761002,133.761002,132.738007,133.776001,133.776001,0,EURJPY
28/10/2015,132.919998,133.483002,132.716003,132.919006,132.919006,0,EURJPY
29/10/2015,132.035004,133.016006,131.578003,132.050003,132.050003,0,EURJPY
30/10/2015,133.003006,133.365005,132.389999,133.009995,133.009995,0,EURJPY
02/11/2015,132.837006,133.182999,132.619003,132.830994,132.830994,0,EURJPY
03/11/2015,133.041,133.110001,132.539001,133.042007,133.042007,0,EURJPY
04/11/2015,132.729996,132.882004,131.845001,132.727005,132.727005,0,EURJPY
05/11/2015,131.998001,132.692001,131.860992,132.007996,132.007996,0,EURJPY
06/11/2015,132.442993,132.707001,131.643997,132.429993,132.429993,0,EURJPY
09/11/2015,132.175995,133.173004,132.175995,132.229996,132.229996,0,EURJPY
10/11/2015,132.397995,132.766006,131.740005,132.408005,132.408005,0,EURJPY
11/11/2015,132.153,132.389999,131.740005,132.154999,132.154999,0,EURJPY
12/11/2015,132.119995,132.565002,131.522995,132.100006,132.100006,0,EURJPY
13/11/2015,132.496002,132.5,131.576004,132.509995,132.509995,0,EURJPY
16/11/2015,130.863007,132.186005,130.863007,130.899994,130.899994,0,EURJPY
17/11/2015,131.720001,131.759995,131.195999,131.722,131.722,0,EURJPY
18/11/2015,131.376007,131.766006,131.089996,131.369995,131.369995,0,EURJPY
19/11/2015,131.807999,132.210007,131.429993,131.796997,131.796997,0,EURJPY
20/11/2015,131.826004,131.830002,131.009003,131.820007,131.820007,0,EURJPY
23/11/2015,130.759995,131.020004,130.552002,130.768997,130.768997,0,EURJPY
24/11/2015,130.770004,130.770004,130.210999,130.781998,130.781998,0,EURJPY
25/11/2015,130.386002,130.720993,129.75,130.369995,130.369995,0,EURJPY
26/11/2015,130.320007,130.345001,129.899994,130.320999,130.320999,0,EURJPY
27/11/2015,130.072006,130.141006,129.667999,130.029999,130.029999,0,EURJPY
30/11/2015,129.994003,130.276001,129.813004,129.960007,129.960007,0,EURJPY
01/12/2015,130.223999,130.772003,129.772003,130.220001,130.220001,0,EURJPY
02/12/2015,130.608002,130.919998,130.317993,130.600006,130.600006,0,EURJPY
03/12/2015,130.75,133.834,130.160004,130.75,130.75,0,EURJPY
04/12/2015,133.897995,134.528,133.350998,133.884003,133.884003,0,EURJPY
07/12/2015,134.048996,134.048996,133.279999,134.039993,134.039993,0,EURJPY
08/12/2015,133.572006,133.858002,133.470001,133.565994,133.565994,0,EURJPY
09/12/2015,133.889999,134.214996,133.759995,133.878998,133.878998,0,EURJPY
10/12/2015,134.037994,134.050995,132.779007,134.029999,134.029999,0,EURJPY
11/12/2015,133.220001,133.770004,132.867004,133.238007,133.238007,0,EURJPY
14/12/2015,132.744995,133.210007,132.460007,132.759995,132.759995,0,EURJPY
15/12/2015,133.126999,133.511002,132.867996,133.100006,133.100006,0,EURJPY
16/12/2015,133.016006,133.488007,132.901993,133.050995,133.050995,0,EURJPY
17/12/2015,133.177002,133.229996,132.649994,133.160004,133.160004,0,EURJPY
18/12/2015,132.759995,133.623001,131.054001,132.764999,132.764999,0,EURJPY
21/12/2015,131.845001,132.313004,131.658005,131.845001,131.845001,0,EURJPY
22/12/2015,132.257004,132.697006,132.100006,132.240005,132.240005,0,EURJPY
23/12/2015,132.5,132.520004,131.673996,132.5,132.5,0,EURJPY
24/12/2015,131.929993,131.990005,131.559998,131.919998,131.919998,0,EURJPY
25/12/2015,131.906998,131.955002,131.559998,131.906998,131.906998,0,EURJPY
28/12/2015,131.830002,132.451996,131.830002,131.824997,131.824997,0,EURJPY
29/12/2015,132.102005,132.330002,131.389999,132.106995,132.106995,0,EURJPY
30/12/2015,131.679993,131.903,131.449997,131.703003,131.703003,0,EURJPY
31/12/2015,131.720001,131.759995,130.647995,131.699997,131.699997,0,EURJPY
01/01/2016,130.612,130.679993,130.570007,130.612,130.612,0,EURJPY
04/01/2016,130.550003,130.630005,128.908005,130.576004,130.576004,0,EURJPY
05/01/2016,129.298996,129.455994,127.510002,129.300003,129.300003,0,EURJPY
06/01/2016,128.037003,128.059998,127.019997,128.031998,128.031998,0,EURJPY
07/01/2016,127.82,128.212006,126.839996,127.804001,127.804001,0,EURJPY
08/01/2016,128.408005,128.940002,128.084,128.417999,128.417999,0,EURJPY
11/01/2016,128.029999,128.440002,127.379997,128.069,128.069,0,EURJPY
12/01/2016,127.755997,127.991997,127.650002,127.730003,127.730003,0,EURJPY
13/01/2016,127.760002,128.507996,127.639999,127.769997,127.769997,0,EURJPY
14/01/2016,127.800003,128.742996,127.732002,127.809998,127.809998,0,EURJPY
15/01/2016,128.356995,128.375,127.707001,128.328995,128.328995,0,EURJPY
18/01/2016,127.739998,127.93,127.369003,127.75,127.75,0,EURJPY
19/01/2016,127.860001,128.548004,127.787003,127.860001,127.860001,0,EURJPY
20/01/2016,128.259995,128.335999,126.692001,128.261993,128.261993,0,EURJPY
21/01/2016,127.440002,127.764999,126.220001,127.388,127.388,0,EURJPY
22/01/2016,128.048004,128.408005,127.440002,128.039993,128.039993,0,EURJPY
25/01/2016,128,128.488007,127.852997,128.020004,128.020004,0,EURJPY
26/01/2016,128.309998,128.507004,127.809998,128.294998,128.294998,0,EURJPY
27/01/2016,128.580002,129.212006,128.264008,128.589996,128.589996,0,EURJPY
28/01/2016,129.160004,129.985992,128.947006,129.151993,129.151993,0,EURJPY
29/01/2016,130.044006,132.244003,129.600006,130.039993,130.039993,0,EURJPY
01/02/2016,131.363998,131.992004,131.270004,131.369995,131.369995,0,EURJPY
02/02/2016,131.677994,131.951004,131.029999,131.669998,131.669998,0,EURJPY
03/02/2016,130.860992,130.940002,130.139008,130.880997,130.880997,0,EURJPY
04/02/2016,131.061996,131.634995,130.634995,131.020004,131.020004,0,EURJPY
05/02/2016,130.860001,131.014999,130.212006,130.869995,130.869995,0,EURJPY
08/02/2016,130.320007,130.886993,128.804001,130.322006,130.322006,0,EURJPY
09/02/2016,129.410004,129.919006,128.285004,129.410004,129.410004,0,EURJPY
10/02/2016,130.028,130.029999,128.251007,130.037003,130.037003,0,EURJPY
11/02/2016,127.778,127.940002,125.856003,127.739998,127.739998,0,EURJPY
12/02/2016,127.279999,127.639,126.452003,127.305,127.305,0,EURJPY
15/02/2016,127.583,127.942001,127.255997,127.567001,127.567001,0,EURJPY
16/02/2016,127.793999,128.151993,126.674004,127.75,127.75,0,EURJPY
17/02/2016,127.174004,127.348999,126.660004,127.135002,127.135002,0,EURJPY
18/02/2016,127.094002,127.094002,126.040001,127.075996,127.075996,0,EURJPY
19/02/2016,125.805,125.879997,125.089996,125.785004,125.785004,0,EURJPY
22/02/2016,125.139999,125.540001,124.529999,125.103996,125.103996,0,EURJPY
23/02/2016,124.530998,124.556,123.072998,124.545998,124.545998,0,EURJPY
24/02/2016,123.359001,123.584,122.472,123.334999,123.334999,0,EURJPY
25/02/2016,123.422997,124.441002,123.32,123.434998,123.434998,0,EURJPY
26/02/2016,124.709999,124.987,124.236,124.668999,124.668999,0,EURJPY
29/02/2016,124.220001,124.348999,122.521004,124.160004,124.160004,0,EURJPY
01/03/2016,122.367996,123.649002,122.117996,122.389999,122.389999,0,EURJPY
02/03/2016,123.890999,124.345001,123.230003,123.93,123.93,0,EURJPY
03/03/2016,123.339996,124.244003,123.277,123.32,123.32,0,EURJPY
04/03/2016,124.427002,125.262001,123.959999,124.43,124.43,0,EURJPY
07/03/2016,125.107002,125.107002,124.230003,125.110001,125.110001,0,EURJPY
08/03/2016,124.973999,124.973999,124.253998,124.948997,124.948997,0,EURJPY
09/03/2016,123.959999,124.482002,123.050003,123.939003,123.939003,0,EURJPY
10/03/2016,124.379997,126.719002,123.741997,124.424004,124.424004,0,EURJPY
11/03/2016,126.117996,126.924004,126.089996,126.140999,126.140999,0,EURJPY
14/03/2016,127.028,127.139999,126.135002,127.028999,127.028999,0,EURJPY
15/03/2016,126.329002,126.459999,125.120003,126.349998,126.349998,0,EURJPY
16/03/2016,125.629997,126.109001,125.550003,125.628998,125.628998,0,EURJPY
17/03/2016,126.512001,126.620003,125.348999,126.471001,126.471001,0,EURJPY
18/03/2016,126.024002,126.183998,125.300003,125.984001,125.984001,0,EURJPY
21/03/2016,125.641998,126.059998,125.220001,125.665001,125.665001,0,EURJPY
22/03/2016,125.991997,126.252998,124.700996,125.983002,125.983002,0,EURJPY
23/03/2016,125.949997,126.210999,125.529999,125.943001,125.943001,0,EURJPY
24/03/2016,125.657997,126.120003,125.410004,125.648003,125.648003,0,EURJPY
25/03/2016,125.974998,126.436996,125.940002,125.978996,125.978996,0,EURJPY
28/03/2016,126.594002,127.031998,126.510002,126.57,126.57,0,EURJPY
29/03/2016,126.970001,127.425003,126.795998,126.962997,126.962997,0,EURJPY
30/03/2016,127.181999,127.800003,126.790001,127.209999,127.209999,0,EURJPY
31/03/2016,127.316002,128.210007,126.959999,127.355003,127.355003,0,EURJPY
01/04/2016,127.983002,128.160004,127.433998,128.009995,128.009995,0,EURJPY
04/04/2016,127.279999,127.337997,126.467003,127.279999,127.279999,0,EURJPY
05/04/2016,126.660004,126.660004,125.282997,126.681,126.681,0,EURJPY
06/04/2016,125.589996,125.823997,125.080002,125.620003,125.620003,0,EURJPY
07/04/2016,125.085999,125.178001,122.570999,125.077003,125.077003,0,EURJPY
08/04/2016,123.339996,124.224998,123.269997,123.287003,123.287003,0,EURJPY
11/04/2016,123.5,123.711998,122.858002,123.521004,123.521004,0,EURJPY
12/04/2016,123.164001,123.981003,123.128998,123.171997,123.171997,0,EURJPY
13/04/2016,123.685997,123.849998,123.016998,123.690002,123.690002,0,EURJPY
14/04/2016,123.394997,123.410004,122.739998,123.410004,123.410004,0,EURJPY
15/04/2016,123.150002,123.559998,122.75,123.160004,123.160004,0,EURJPY
18/04/2016,122.124001,123.288002,121.720001,122.019997,122.019997,0,EURJPY
19/04/2016,123.332001,124.429001,123.254997,123.335999,123.335999,0,EURJPY
20/04/2016,124.010002,124.311996,123.540001,124.080002,124.080002,0,EURJPY
21/04/2016,124.133003,124.907997,123.446999,124.135002,124.135002,0,EURJPY
22/04/2016,123.599998,125.466003,123.400002,123.553001,123.553001,0,EURJPY
25/04/2016,125.179001,125.309998,124.815002,125.166,125.166,0,EURJPY
26/04/2016,125.172997,125.914001,124.709,125.217003,125.217003,0,EURJPY
27/04/2016,125.658997,126.040001,125.440002,125.662003,125.662003,0,EURJPY
28/04/2016,126.300003,126.449997,122.570999,126.349998,126.349998,0,EURJPY
29/04/2016,122.779999,122.910004,121.765999,122.739998,122.739998,0,EURJPY
02/05/2016,122.024002,122.850998,121.876999,122.019997,122.019997,0,EURJPY
03/05/2016,122.635002,122.747002,122.120003,122.627998,122.627998,0,EURJPY
04/05/2016,122.718002,123.235001,122.330002,122.699997,122.699997,0,EURJPY
05/05/2016,122.889999,123.121002,122.110001,122.860001,122.860001,0,EURJPY
06/05/2016,122.386002,122.448997,121.480003,122.322998,122.322998,0,EURJPY
09/05/2016,122.209,123.704002,122.169998,122.279999,122.279999,0,EURJPY
10/05/2016,123.369003,124.400002,123.322998,123.333,123.333,0,EURJPY
11/05/2016,124.208,124.265999,123.625999,124.189003,124.189003,0,EURJPY
12/05/2016,123.870003,124.620003,123.699997,123.866997,123.866997,0,EURJPY
13/05/2016,124.108002,124.108002,123.071999,124.099998,124.099998,0,EURJPY
16/05/2016,122.964996,123.398003,122.901001,122.955002,122.955002,0,EURJPY
17/05/2016,123.411003,124.160004,123.233002,123.400002,123.400002,0,EURJPY
18/05/2016,123.338997,123.906998,122.977997,123.260002,123.260002,0,EURJPY
19/05/2016,123.629997,123.768997,122.967003,123.580002,123.580002,0,EURJPY
20/05/2016,123.119003,124.033997,123.084,123.099998,123.099998,0,EURJPY
23/05/2016,123.489998,123.495003,122.389999,123.5,123.5,0,EURJPY
24/05/2016,122.620003,122.709999,122.347,122.623001,122.623001,0,EURJPY
25/05/2016,122.669998,123.099998,122.519997,122.68,122.68,0,EURJPY
26/05/2016,122.822998,123.057999,122.269997,122.844002,122.844002,0,EURJPY
27/05/2016,122.764,123.063004,122.220001,122.775002,122.775002,0,EURJPY
30/05/2016,123.033997,123.884003,122.931999,123.040001,123.040001,0,EURJPY
31/05/2016,123.579002,124.18,123.32,123.559998,123.559998,0,EURJPY
01/06/2016,123.203003,123.310997,121.900002,123.220001,123.220001,0,EURJPY
02/06/2016,122.421997,122.484001,121.088997,122.470001,122.470001,0,EURJPY
03/06/2016,121.455002,121.648003,120.929001,121.387001,121.387001,0,EURJPY
06/06/2016,121.095001,122.078003,120.917999,121.110001,121.110001,0,EURJPY
07/06/2016,122.043999,122.651001,121.693001,122.07,122.07,0,EURJPY
08/06/2016,121.783997,121.878998,121.330002,121.790001,121.790001,0,EURJPY
09/06/2016,121.780998,121.856003,120.338997,121.774002,121.774002,0,EURJPY
10/06/2016,121.103996,121.156998,120.440002,121.142998,121.142998,0,EURJPY
13/06/2016,119.679001,120.291,119.003998,119.691002,119.691002,0,EURJPY
14/06/2016,119.858002,120.099998,118.514,119.917,119.917,0,EURJPY
15/06/2016,118.904999,119.431,118.723999,118.922997,118.922997,0,EURJPY
16/06/2016,119.214996,119.214996,115.515999,119.194,119.194,0,EURJPY
17/06/2016,118.051003,118.066002,116.914001,117.900002,117.900002,0,EURJPY
20/06/2016,118.779999,119.120003,118,118.728996,118.728996,0,EURJPY
21/06/2016,117.511002,118.639,117.339996,117.545998,117.545998,0,EURJPY
22/06/2016,117.739998,118.602997,117.448997,117.752998,117.752998,0,EURJPY
23/06/2016,118.481003,120.787003,118.176003,118.519997,118.519997,0,EURJPY
24/06/2016,118.852997,119.378998,109.598999,118.804001,118.804001,0,EURJPY
27/06/2016,112.824997,113.18,111.419998,112.749001,112.749001,0,EURJPY
28/06/2016,112.059998,113.692001,111.938004,112.126999,112.126999,0,EURJPY
29/06/2016,113.728996,114.293999,112.956001,113.718002,113.718002,0,EURJPY
30/06/2016,114.262001,114.744003,113.507004,114.327003,114.327003,0,EURJPY
01/07/2016,114.431,114.551003,113.699997,114.460999,114.460999,0,EURJPY
04/07/2016,114.036003,114.5,113.970001,114.045998,114.045998,0,EURJPY
05/07/2016,114.250999,114.250999,112.475998,114.25,114.25,0,EURJPY
06/07/2016,111.933998,112.051003,110.852997,111.875999,111.875999,0,EURJPY
07/07/2016,112.178001,112.290001,111.317001,112.239998,112.239998,0,EURJPY
08/07/2016,111.522003,111.818001,110.886002,111.529999,111.529999,0,EURJPY
11/07/2016,111.183998,113.544998,111.135002,111.202003,111.202003,0,EURJPY
12/07/2016,113.348,116.050003,113.294998,113.357002,113.357002,0,EURJPY
13/07/2016,115.822998,116.209,114.967003,115.859001,115.859001,0,EURJPY
14/07/2016,115.432999,118.005997,115.432999,115.473999,115.473999,0,EURJPY
15/07/2016,116.802002,118.383003,116.777,116.830002,116.830002,0,EURJPY
18/07/2016,116.571999,117.620003,116.367996,116.573997,116.573997,0,EURJPY
19/07/2016,117.482002,117.558998,116.799004,117.504997,117.504997,0,EURJPY
20/07/2016,116.884003,117.528,116.545998,116.889,116.889,0,EURJPY
21/07/2016,118.046997,118.435997,116.181,118.111,118.111,0,EURJPY
22/07/2016,116.695999,117.261002,116.426003,116.719002,116.719002,0,EURJPY
25/07/2016,116.567001,116.931,116.300003,116.625999,116.625999,0,EURJPY
26/07/2016,116.025002,116.056999,114.489998,116.028999,116.028999,0,EURJPY
27/07/2016,115.172997,117.102997,115.172997,115.197998,115.197998,0,EURJPY
28/07/2016,116.189003,116.422997,115.849998,116.174004,116.174004,0,EURJPY
29/07/2016,116.113998,116.150002,113.998001,116.091003,116.091003,0,EURJPY
01/08/2016,114.286003,114.728996,114.029999,114.272003,114.272003,0,EURJPY
02/08/2016,114.250999,114.768997,113.168999,114.305,114.305,0,EURJPY
03/08/2016,113.382004,113.602997,112.959999,113.360001,113.360001,0,EURJPY
04/08/2016,112.959,113.230003,112.492996,113.003998,113.003998,0,EURJPY
05/08/2016,112.709,112.878998,112.337997,112.672997,112.672997,0,EURJPY
08/08/2016,113.124001,113.714996,113.005997,113.234001,113.234001,0,EURJPY
09/08/2016,113.392998,113.577003,113.035004,113.384003,113.384003,0,EURJPY
10/08/2016,113.321999,113.458,112.807999,113.305,113.305,0,EURJPY
11/08/2016,113.119003,113.338997,112.714996,113.117996,113.117996,0,EURJPY
12/08/2016,113.393997,114.019997,112.755997,113.397003,113.397003,0,EURJPY
15/08/2016,113.041,113.265999,112.681,113.075996,113.075996,0,EURJPY
16/08/2016,113.212997,113.222,112.366997,113.204002,113.204002,0,EURJPY
17/08/2016,113.013,113.876999,112.834999,112.982002,112.982002,0,EURJPY
18/08/2016,112.851997,113.679001,112.68,112.875999,112.875999,0,EURJPY
19/08/2016,113.612999,113.863998,113.209999,113.612,113.612,0,EURJPY
22/08/2016,113.587997,113.819,113.400002,113.577003,113.577003,0,EURJPY
23/08/2016,113.498001,113.717003,113.278,113.471001,113.471001,0,EURJPY
24/08/2016,113.396004,113.550003,112.811996,113.358002,113.358002,0,EURJPY
25/08/2016,113.216003,113.561996,113.089996,113.223999,113.223999,0,EURJPY
26/08/2016,113.492996,113.802002,113.172997,113.500999,113.500999,0,EURJPY
29/08/2016,114.139999,114.675003,114.012001,114.123001,114.123001,0,EURJPY
30/08/2016,113.927002,114.774002,113.857002,113.945,113.945,0,EURJPY
31/08/2016,114.691002,115.335999,114.690002,114.708,114.708,0,EURJPY
01/09/2016,115.252998,115.813004,115.024002,115.259003,115.259003,0,EURJPY
02/09/2016,115.620003,116.332001,115.510002,115.629997,115.629997,0,EURJPY
05/09/2016,115.991997,116.079002,115.126999,115.973999,115.973999,0,EURJPY
06/09/2016,115.428001,115.667999,114.750999,115.422997,115.422997,0,EURJPY
07/09/2016,114.195999,114.389999,113.839996,114.225998,114.225998,0,EURJPY
08/09/2016,114.422997,115.178001,114.157997,114.442001,114.442001,0,EURJPY
09/09/2016,115.271004,115.904999,115,115.279999,115.279999,0,EURJPY
12/09/2016,115.219002,115.461998,114.25,115.146004,115.146004,0,EURJPY
13/09/2016,114.375,115.101997,113.947998,114.375999,114.375999,0,EURJPY
14/09/2016,115.014,116.070999,114.975998,114.959999,114.959999,0,EURJPY
15/09/2016,115.279999,115.405998,114.656998,115.32,115.32,0,EURJPY
16/09/2016,114.709,114.794998,113.940002,114.690002,114.690002,0,EURJPY
19/09/2016,114.172997,114.186996,113.478996,114.151001,114.151001,0,EURJPY
20/09/2016,113.897003,114.014999,113.556,113.847,113.847,0,EURJPY
21/09/2016,113.318001,114.383003,112.097,113.264999,113.264999,0,EURJPY
22/09/2016,112.339996,113.446999,112.098999,112.347,112.347,0,EURJPY
23/09/2016,112.956001,113.410004,112.882004,113.021004,113.021004,0,EURJPY
26/09/2016,113.379997,113.483002,112.863998,113.377998,113.377998,0,EURJPY
27/09/2016,112.922997,113.544998,112.247002,112.904999,112.904999,0,EURJPY
28/09/2016,112.685997,113.080002,112.519997,112.689003,112.689003,0,EURJPY
29/09/2016,113.289001,114.171997,113.264,113.269997,113.269997,0,EURJPY
30/09/2016,113.517998,114.045998,112.599998,113.535004,113.535004,0,EURJPY
03/10/2016,114.054001,114.094002,113.633003,114.07,114.07,0,EURJPY
04/10/2016,114.150002,115.332001,114.093002,114.123001,114.123001,0,EURJPY
05/10/2016,115.271004,115.978996,115.129997,115.308998,115.308998,0,EURJPY
06/10/2016,115.922997,116.269997,115.735001,115.934998,115.934998,0,EURJPY
07/10/2016,115.622002,115.711998,115.105003,115.605003,115.605003,0,EURJPY
10/10/2016,115.349998,115.716003,115.059998,115.320999,115.320999,0,EURJPY
11/10/2016,115.541,115.787003,114.279999,115.491997,115.491997,0,EURJPY
12/10/2016,114.25,115.124001,114.037003,114.285004,114.285004,0,EURJPY
13/10/2016,114.857002,115.116997,113.942001,114.847,114.847,0,EURJPY
14/10/2016,114.611,115.036003,114.358002,114.587997,114.587997,0,EURJPY
17/10/2016,114.132004,114.559998,114.056,114.087997,114.087997,0,EURJPY
18/10/2016,114.334,114.667,114.017998,114.370003,114.370003,0,EURJPY
19/10/2016,114,114.153,113.150002,113.988998,113.988998,0,EURJPY
20/10/2016,113.503998,114.386002,113.366997,113.455002,113.455002,0,EURJPY
21/10/2016,113.806999,113.806999,112.607002,113.780998,113.780998,0,EURJPY
24/10/2016,113.051003,113.558998,112.844002,113.066002,113.066002,0,EURJPY
25/10/2016,113.403999,113.898003,113.402,113.420998,113.420998,0,EURJPY
26/10/2016,113.371002,114.021004,113.273003,113.385002,113.385002,0,EURJPY
27/10/2016,114.066002,114.838997,113.723,114.074997,114.074997,0,EURJPY
28/10/2016,114.655998,115.304001,114.580002,114.643997,114.643997,0,EURJPY
31/10/2016,114.835999,115.194,114.791,114.849998,114.849998,0,EURJPY
01/11/2016,115.007004,115.656998,114.829002,114.992996,114.992996,0,EURJPY
02/11/2016,115.097,115.110001,114.370003,115.077003,115.077003,0,EURJPY
03/11/2016,114.693001,114.757004,114.029999,114.695,114.695,0,EURJPY
04/11/2016,114.383003,114.774002,114.139999,114.384003,114.384003,0,EURJPY
07/11/2016,115.583,115.757004,115.268997,115.635002,115.635002,0,EURJPY
08/11/2016,115.407997,115.809998,115.126999,115.401001,115.401001,0,EURJPY
09/11/2016,115.679001,115.915001,113.836998,115.707001,115.707001,0,EURJPY
10/11/2016,115.572998,116.544998,114.980003,115.578003,115.578003,0,EURJPY
11/11/2016,116.278,116.478996,115.321999,116.357002,116.357002,0,EURJPY
14/11/2016,115.657997,116.346001,115.550003,115.666,115.666,0,EURJPY
15/11/2016,116.267998,117.005997,116.080002,116.280998,116.280998,0,EURJPY
16/11/2016,116.889999,117.468002,116.813004,116.932999,116.932999,0,EURJPY
17/11/2016,116.463997,117.203003,116.278,116.469002,116.469002,0,EURJPY
18/11/2016,117.087997,117.454002,116.801003,117.094002,117.094002,0,EURJPY
21/11/2016,117.401001,117.962997,117.319,117.436996,117.436996,0,EURJPY
22/11/2016,117.723999,118.001999,117.417,117.705002,117.705002,0,EURJPY
23/11/2016,118.016998,118.947998,117.720001,118.019997,118.019997,0,EURJPY
24/11/2016,118.632004,119.697998,118.500999,118.676003,118.676003,0,EURJPY
25/11/2016,119.614998,120.143997,119.330002,119.619003,119.619003,0,EURJPY
28/11/2016,119.510002,119.628998,118.790001,119.529999,119.529999,0,EURJPY
29/11/2016,118.599998,119.911003,118.599998,118.598999,118.598999,0,EURJPY
30/11/2016,119.776001,120.871002,119.462997,119.742996,119.742996,0,EURJPY
01/12/2016,121.434998,121.651001,120.842003,121.470001,121.470001,0,EURJPY
02/12/2016,121.439003,121.879997,120.911003,121.445,121.445,0,EURJPY
05/12/2016,119.982002,123.176003,119.512001,120.119003,120.119003,0,EURJPY
06/12/2016,122.490997,122.924004,122.113998,122.452003,122.452003,0,EURJPY
07/12/2016,122.259003,122.581001,122.069,122.240997,122.240997,0,EURJPY
08/12/2016,122.387001,123.264999,121.059998,122.345001,122.345001,0,EURJPY
09/12/2016,121.112999,121.674004,121.059998,121.150002,121.150002,0,EURJPY
12/12/2016,121.725998,122.915001,121.585999,121.718002,121.718002,0,EURJPY
13/12/2016,122.349998,122.765999,122.150002,122.355003,122.355003,0,EURJPY
14/12/2016,122.428001,122.654999,122.135002,122.434998,122.434998,0,EURJPY
15/12/2016,123.237999,124.060997,122.681,123.207001,123.207001,0,EURJPY
16/12/2016,123.214996,123.606003,123.003998,123.163002,123.163002,0,EURJPY
19/12/2016,123.069,123.094002,121.916,123.056,123.056,0,EURJPY
20/12/2016,121.766998,122.783997,121.741997,121.771004,121.771004,0,EURJPY
21/12/2016,122.431,122.801003,122.087997,122.5,122.5,0,EURJPY
22/12/2016,122.620003,123.168999,122.5,122.613998,122.613998,0,EURJPY
23/12/2016,122.686996,122.740997,122.370003,122.674004,122.674004,0,EURJPY
26/12/2016,122.612,122.634003,122.199997,122.616997,122.616997,0,EURJPY
27/12/2016,122.515999,122.971001,122.444,122.509003,122.509003,0,EURJPY
28/12/2016,122.888,123.218002,122.140999,122.893997,122.893997,0,EURJPY
29/12/2016,121.910004,122.233002,121.559998,121.962997,121.962997,0,EURJPY
30/12/2016,122.929001,123.724998,122.540001,122.926003,122.926003,0,EURJPY
02/01/2017,122.919998,123.475998,122.760002,122.93,122.93,0,EURJPY
03/01/2017,122.850998,123.317001,122.525002,122.870003,122.870003,0,EURJPY
04/01/2017,122.583,122.967003,122.492996,122.57,122.57,0,EURJPY
05/01/2017,122.902,123.001999,122.084999,122.957001,122.957001,0,EURJPY
06/01/2017,122.273003,123.199997,122.262001,122.230003,122.230003,0,EURJPY
09/01/2017,123.363998,123.699997,122.431,123.345001,123.345001,0,EURJPY
10/01/2017,122.765999,122.925003,122.233002,122.792999,122.792999,0,EURJPY
11/01/2017,122.264,122.609001,121.945999,122.275002,122.275002,0,EURJPY
12/01/2017,121.899002,122.012001,121.169998,121.942001,121.942001,0,EURJPY
13/01/2017,121.751999,122.391998,121.663002,121.709999,121.709999,0,EURJPY
16/01/2017,121.412003,121.632004,120.75,121.389999,121.389999,0,EURJPY
17/01/2017,121.005997,121.367996,120.557999,121.028999,121.028999,0,EURJPY
18/01/2017,120.778999,121.252998,120.648003,120.738998,120.738998,0,EURJPY
19/01/2017,121.953003,122.417999,121.789001,121.955002,121.955002,0,EURJPY
20/01/2017,122.480003,122.846001,122.367996,122.529999,122.529999,0,EURJPY
23/01/2017,121.941002,122.200996,121.421997,121.922997,121.922997,0,EURJPY
24/01/2017,121.375,121.898003,121.204002,121.337997,121.337997,0,EURJPY
25/01/2017,122.169998,122.228996,121.628998,122.128998,122.128998,0,EURJPY
26/01/2017,121.724998,122.651001,121.690002,121.790001,121.790001,0,EURJPY
27/01/2017,122.253998,123.297997,122.237,122.264,122.264,0,EURJPY
30/01/2017,122.925003,123.011002,121.542,122.849998,122.849998,0,EURJPY
31/01/2017,121.723999,122.195999,121.033997,121.718002,121.718002,0,EURJPY
01/02/2017,121.785004,122.490997,121.785004,121.776001,121.776001,0,EURJPY
02/02/2017,121.933998,121.963997,121.268997,121.991997,121.991997,0,EURJPY
03/02/2017,121.377998,121.758003,121.112,121.369003,121.369003,0,EURJPY
06/02/2017,121.455002,121.466003,120.132004,121.452003,121.452003,0,EURJPY
07/02/2017,120.098,120.130997,119.526001,120.132004,120.132004,0,EURJPY
08/02/2017,120.027,120.080002,119.338997,120,120,0,EURJPY
09/02/2017,119.697998,120.683998,119.660004,119.693001,119.693001,0,EURJPY
10/02/2017,120.879997,121.332001,120.499001,120.896004,120.896004,0,EURJPY
13/02/2017,121.022003,121.148003,120.726997,120.961998,120.961998,0,EURJPY
14/02/2017,120.484001,120.915001,120.231003,120.501999,120.501999,0,EURJPY
15/02/2017,120.884003,121.241997,120.709999,120.893997,120.893997,0,EURJPY
16/02/2017,121,121.136002,120.739998,121.035004,121.035004,0,EURJPY
17/02/2017,120.904999,121.089996,119.879997,120.916,120.916,0,EURJPY
20/02/2017,119.969002,120.296997,119.769997,119.976997,119.976997,0,EURJPY
21/02/2017,120.153999,120.301003,119.566002,120.172997,120.172997,0,EURJPY
22/02/2017,119.809998,119.844002,118.580002,119.824997,119.824997,0,EURJPY
23/02/2017,119.625999,119.689003,119.153999,119.655998,119.655998,0,EURJPY
24/02/2017,119.260002,119.491997,118.714996,119.261002,119.261002,0,EURJPY
27/02/2017,118.364998,119.099998,118.248001,118.384003,118.384003,0,EURJPY
28/02/2017,119.299004,119.362,118.712997,119.323997,119.323997,0,EURJPY
01/03/2017,119.460999,120.195999,119.396004,119.499001,119.499001,0,EURJPY
02/03/2017,120.210999,120.476997,119.970001,120.223999,120.223999,0,EURJPY
03/03/2017,120.127998,120.938004,120.010002,120.136002,120.136002,0,EURJPY
06/03/2017,120.855003,120.855003,120.361,120.901001,120.901001,0,EURJPY
07/03/2017,120.528999,120.705002,120.379997,120.513,120.513,0,EURJPY
08/03/2017,120.393997,121.097,120,120.410004,120.410004,0,EURJPY
09/03/2017,120.621002,121.834999,120.5,120.643997,120.643997,0,EURJPY
10/03/2017,121.813004,122.733002,121.813004,121.795998,121.795998,0,EURJPY
13/03/2017,122.667,122.878998,122.160004,122.664001,122.664001,0,EURJPY
14/03/2017,122.384003,122.601997,121.821999,122.387001,122.387001,0,EURJPY
15/03/2017,121.674004,122.051003,121.667,121.669998,121.669998,0,EURJPY
16/03/2017,121.757004,121.810997,121.181,121.764999,121.764999,0,EURJPY
17/03/2017,122.101997,122.25,120.817001,122.096001,122.096001,0,EURJPY
20/03/2017,121.036003,121.415001,120.989998,121.035004,121.035004,0,EURJPY
21/03/2017,120.862999,121.828003,120.724998,120.850998,120.850998,0,EURJPY
22/03/2017,120.607002,120.725998,119.764,120.587997,120.587997,0,EURJPY
23/03/2017,120.115997,120.294998,119.329002,120.178001,120.178001,0,EURJPY
24/03/2017,119.686996,120.143997,119.526001,119.698997,119.698997,0,EURJPY
27/03/2017,119.889999,120.313004,119.547997,119.915001,119.915001,0,EURJPY
28/03/2017,120.290001,120.379997,119.700996,120.303001,120.303001,0,EURJPY
29/03/2017,120.269997,120.439003,119.016998,120.300003,120.300003,0,EURJPY
30/03/2017,119.556,119.827003,119.150002,119.57,119.57,0,EURJPY
31/03/2017,119.413002,119.805,119.105003,119.440002,119.440002,0,EURJPY
03/04/2017,118.739998,119.040001,118.141998,118.707001,118.707001,0,EURJPY
04/04/2017,118.112999,118.181,117.419998,118.119003,118.119003,0,EURJPY
05/04/2017,118.346001,118.763,118.019997,118.389999,118.389999,0,EURJPY
06/04/2017,117.818001,118.394997,117.385002,117.792,117.792,0,EURJPY
07/04/2017,118.016998,118.156998,117.363998,118.033997,118.033997,0,EURJPY
10/04/2017,117.688004,118.035004,117.589996,117.692001,117.692001,0,EURJPY
11/04/2017,117.301003,117.455002,116.432999,117.322998,117.322998,0,EURJPY
12/04/2017,116.25,116.540001,115.969002,116.25,116.25,0,EURJPY
13/04/2017,116.165001,116.442001,115.875999,116.197998,116.197998,0,EURJPY
14/04/2017,115.816002,116.002998,115.339996,115.875999,115.875999,0,EURJPY
17/04/2017,114.905998,115.683998,114.867996,114.931999,114.931999,0,EURJPY
18/04/2017,116.166,116.407997,115.762001,116.154999,116.154999,0,EURJPY
19/04/2017,116.446999,116.948997,116.275002,116.432999,116.432999,0,EURJPY
20/04/2017,116.620003,117.769997,116.599998,116.605003,116.605003,0,EURJPY
21/04/2017,117.161003,117.294998,116.480003,117.194,117.194,0,EURJPY
24/04/2017,119.612999,119.912003,119.004997,119.579002,119.579002,0,EURJPY
25/04/2017,119.130997,121.397003,119.130997,119.116997,119.116997,0,EURJPY
26/04/2017,121.362999,121.973999,120.964996,121.339996,121.339996,0,EURJPY
27/04/2017,121.271004,121.852997,120.621002,121.291,121.291,0,EURJPY
28/04/2017,120.848999,121.987999,120.669998,120.834999,120.834999,0,EURJPY
01/05/2017,121.410004,122.044998,121.360001,121.417999,121.417999,0,EURJPY
02/05/2017,122.007004,122.589996,121.989998,121.968002,121.968002,0,EURJPY
03/05/2017,122.463997,122.764,122.300003,122.462997,122.462997,0,EURJPY
04/05/2017,122.818001,123.626999,122.599998,122.799004,122.799004,0,EURJPY
05/05/2017,123.569,123.893997,122.931999,123.581001,123.581001,0,EURJPY
08/05/2017,123.581001,123.997002,123,123.557999,123.557999,0,EURJPY
09/05/2017,123.699997,124.527,123.657997,123.708,123.708,0,EURJPY
10/05/2017,123.764999,124.313004,123.516998,123.739998,123.739998,0,EURJPY
11/05/2017,124.204002,124.401001,123.342003,124.230003,124.230003,0,EURJPY
12/05/2017,123.644997,123.945999,123.322998,123.648003,123.648003,0,EURJPY
15/05/2017,123.777,124.883003,123.772003,123.769997,123.769997,0,EURJPY
16/05/2017,124.780998,125.790001,124.599998,124.782997,124.782997,0,EURJPY
17/05/2017,125.060997,125.065002,123.949997,124.966003,124.966003,0,EURJPY
18/05/2017,123.934998,124.100998,122.572998,123.959999,123.959999,0,EURJPY
19/05/2017,123.782997,124.910004,123.379997,123.800003,123.800003,0,EURJPY
22/05/2017,124.637001,125.271004,124.140999,124.684998,124.684998,0,EURJPY
23/05/2017,124.667,125.345001,124.559998,124.621002,124.621002,0,EURJPY
24/05/2017,125.148003,125.385002,124.911003,125.153999,125.153999,0,EURJPY
25/05/2017,125.264,125.776001,125.190002,125.244003,125.244003,0,EURJPY
26/05/2017,125.230003,125.280998,124.160004,125.249001,125.249001,0,EURJPY
29/05/2017,124.338997,124.625,124.199997,124.328003,124.328003,0,EURJPY
30/05/2017,123.742996,124.371002,123.177002,123.723,123.723,0,EURJPY
31/05/2017,123.878998,124.512001,123.760002,123.800003,123.800003,0,EURJPY
01/06/2017,124.483002,125.072998,124.483002,124.510002,124.510002,0,EURJPY
02/06/2017,124.973,125.294998,124.436996,124.956001,124.956001,0,EURJPY
05/06/2017,124.566002,124.698997,124.190002,124.602997,124.602997,0,EURJPY
06/06/2017,124.266998,124.348,122.955002,124.247002,124.247002,0,EURJPY
07/06/2017,123.396004,123.509003,122.649002,123.410004,123.410004,0,EURJPY
08/06/2017,123.723,124.023003,123.182999,123.679001,123.679001,0,EURJPY
09/06/2017,123.008003,123.849998,122.919998,122.873001,122.873001,0,EURJPY
12/06/2017,123.564003,123.710999,122.862,123.514,123.514,0,EURJPY
13/06/2017,123.087997,123.735001,123.050003,123.061996,123.061996,0,EURJPY
14/06/2017,123.365997,123.633003,122.860001,123.339996,123.339996,0,EURJPY
15/06/2017,122.696999,123.529999,122.400002,122.699997,122.699997,0,EURJPY
16/06/2017,123.781998,124.447998,123.769997,123.669998,123.669998,0,EURJPY
19/06/2017,124.328003,124.488998,124.129997,124.322998,124.322998,0,EURJPY
20/06/2017,124.522003,124.621002,124,124.449997,124.449997,0,EURJPY
21/06/2017,123.992996,124.431999,123.655998,123.989998,123.989998,0,EURJPY
22/06/2017,124.336998,124.336998,123.849998,124.310997,124.310997,0,EURJPY
23/06/2017,124.099998,124.696999,124.018997,124.059998,124.059998,0,EURJPY
26/06/2017,124.580002,125.007004,124.519997,124.57,124.57,0,EURJPY
27/06/2017,125.111,127.359001,124.753998,125.094002,125.094002,0,EURJPY
28/06/2017,127.168999,127.831001,126.535004,127.169998,127.169998,0,EURJPY
29/06/2017,127.845001,128.820999,127.75,127.879997,127.879997,0,EURJPY
30/06/2017,128.091995,128.255997,127.459,128.128998,128.128998,0,EURJPY
03/07/2017,128.233994,128.882996,128.117004,128.227005,128.227005,0,EURJPY
04/07/2017,128.925995,128.929001,128.042007,128.932999,128.932999,0,EURJPY
05/07/2017,128.311996,129.078003,128.173996,128.322006,128.322006,0,EURJPY
06/07/2017,128.442001,129.304001,128.003006,128.429001,128.429001,0,EURJPY
07/07/2017,129.244995,130.072998,129.242004,129.266998,129.266998,0,EURJPY
10/07/2017,129.932999,130.378006,129.856995,129.970001,129.970001,0,EURJPY
11/07/2017,null,null,null,null,null,null,EURJPY
12/07/2017,130.528,130.565002,129.063004,130.507004,130.507004,0,EURJPY
13/07/2017,129.371994,129.639999,128.533005,129.419998,129.419998,0,EURJPY
14/07/2017,129.322006,129.503006,128.619003,129.330002,129.330002,0,EURJPY
17/07/2017,128.996002,129.438004,128.744995,128.972,128.972,0,EURJPY
18/07/2017,129.186996,129.731995,129.063004,129.169998,129.169998,0,EURJPY
19/07/2017,129.289993,129.421005,128.576996,129.347,129.347,0,EURJPY
20/07/2017,128.949005,130.248993,128.789001,128.979004,128.979004,0,EURJPY
21/07/2017,130.102005,130.492004,129.479996,130.100998,130.100998,0,EURJPY
24/07/2017,129.595001,129.695999,128.886002,129.591003,129.591003,0,EURJPY
25/07/2017,129.444,130.541,129.268997,129.455002,129.455002,0,EURJPY
26/07/2017,130.417999,130.457001,129.929993,130.417007,130.417007,0,EURJPY
27/07/2017,130.352997,130.580994,130.080994,130.330002,130.330002,0,EURJPY
28/07/2017,129.835999,130.386993,129.582993,129.850006,129.850006,0,EURJPY
31/07/2017,129.820999,130.503998,129.591995,129.811005,129.811005,0,EURJPY
01/08/2017,130.470001,130.582001,129.873993,130.481003,130.481003,0,EURJPY
02/08/2017,130.434006,131.363007,130.386993,130.431,130.431,0,EURJPY
03/08/2017,131.264999,131.264999,130.557999,131.253006,131.253006,0,EURJPY
04/08/2017,130.559006,131.065002,130.139999,130.582993,130.582993,0,EURJPY
07/08/2017,130.483994,130.843002,130.447998,130.481003,130.481003,0,EURJPY
08/08/2017,130.688004,130.798996,129.781006,130.697998,130.697998,0,EURJPY
09/08/2017,129.399994,129.455002,128.447006,129.432007,129.432007,0,EURJPY
10/08/2017,129.449005,129.531006,128.231003,129.434006,129.434006,0,EURJPY
11/08/2017,128.388,129.149994,128.048004,128.412003,128.412003,0,EURJPY
14/08/2017,129.197006,129.628006,128.910004,129.139999,129.139999,0,EURJPY
15/08/2017,129.479996,130.024002,129.417999,129.447998,129.447998,0,EURJPY
16/08/2017,129.804001,130.382996,129.529999,129.843994,129.843994,0,EURJPY
17/08/2017,129.490997,129.535995,128.576004,129.507996,129.507996,0,EURJPY
18/08/2017,128.108994,128.462997,127.566002,128.070007,128.070007,0,EURJPY
21/08/2017,128.526001,128.660995,127.862999,128.514008,128.514008,0,EURJPY
22/08/2017,128.820999,129.164993,128.326004,128.710999,128.710999,0,EURJPY
23/08/2017,129.074005,129.119003,128.492004,129.070999,129.070999,0,EURJPY
24/08/2017,128.699005,129.171005,128.699005,128.694,128.694,0,EURJPY
25/08/2017,129.181,129.753006,129.108002,129.179993,129.179993,0,EURJPY
28/08/2017,130.699997,130.778,130.005997,130.679001,130.679001,0,EURJPY
29/08/2017,130.085999,131.123993,130.003998,130.085007,130.085007,0,EURJPY
30/08/2017,131.386993,131.682999,131.130005,131.401001,131.401001,0,EURJPY
31/08/2017,131.354004,131.565002,130.720001,131.309998,131.309998,0,EURJPY
01/09/2017,131.149002,131.332001,130.682999,131.160995,131.160995,0,EURJPY
04/09/2017,130.436005,130.694,130.117996,130.459,130.459,0,EURJPY
05/09/2017,130.567993,130.570007,129.662994,130.598999,130.598999,0,EURJPY
06/09/2017,129.483994,130.078003,129.350006,129.490005,129.490005,0,EURJPY
07/09/2017,130.182999,131.061005,129.959,130.149994,130.149994,0,EURJPY
08/09/2017,130.261993,130.636002,129.466003,130.227997,130.227997,0,EURJPY
11/09/2017,130.100998,130.565002,130.046005,130.059006,130.059006,0,EURJPY
12/09/2017,130.843002,131.707001,130.669998,130.826996,130.826996,0,EURJPY
13/09/2017,131.929993,131.983994,131.513,131.955002,131.955002,0,EURJPY
14/09/2017,131.354004,131.681,131.136002,131.369995,131.369995,0,EURJPY
15/09/2017,131.048004,133.076004,131.048004,131.031998,131.031998,0,EURJPY
18/09/2017,132.679001,133.404007,132.641006,132.723007,132.723007,0,EURJPY
19/09/2017,133.330002,134.132996,133.276001,133.332993,133.332993,0,EURJPY
20/09/2017,133.800995,134.014008,133.5,133.815002,133.815002,0,EURJPY
21/09/2017,133.653,134.238998,133.511002,133.576004,133.576004,0,EURJPY
22/09/2017,134.309998,134.391998,133.514999,134.322998,134.322998,0,EURJPY
25/09/2017,134.104996,134.225998,132.255005,134.102997,134.102997,0,EURJPY
26/09/2017,132.481003,132.481003,131.748993,132.492996,132.492996,0,EURJPY
27/09/2017,132.455002,132.718994,132.098999,132.442993,132.442993,0,EURJPY
28/09/2017,132.602997,132.867996,132.332001,132.602005,132.602005,0,EURJPY
29/09/2017,132.539001,133.098007,132.511993,132.496994,132.496994,0,EURJPY
02/10/2017,133.044006,133.044006,132.240005,132.979996,132.979996,0,EURJPY
03/10/2017,132.315002,132.871994,132.192993,132.315994,132.315994,0,EURJPY
04/10/2017,132.559998,132.727997,132.25,132.563995,132.563995,0,EURJPY
05/10/2017,132.641998,132.755005,131.850006,132.638,132.638,0,EURJPY
06/10/2017,132.100006,132.748001,131.977997,132.076004,132.076004,0,EURJPY
09/10/2017,132.147995,132.404999,131.960007,132.156006,132.156006,0,EURJPY
10/10/2017,132.304993,132.723007,132.272995,132.270996,132.270996,0,EURJPY
11/10/2017,132.718994,133.203003,132.460007,132.729996,132.729996,0,EURJPY
12/10/2017,133.365005,133.477005,132.940002,133.403,133.403,0,EURJPY
13/10/2017,132.785995,132.923004,132.207001,132.779999,132.779999,0,EURJPY
16/10/2017,132.175995,132.371994,131.679993,132.169998,132.169998,0,EURJPY
17/10/2017,132.300003,132.363007,131.839996,132.320007,132.320007,0,EURJPY
18/10/2017,132.085999,133.063004,131.990005,132.084,132.084,0,EURJPY
19/10/2017,133.264999,133.613007,132.496994,133.292007,133.292007,0,EURJPY
20/10/2017,133.498001,133.944,133.419998,133.492996,133.492996,0,EURJPY
23/10/2017,134.057007,134.078995,133.501999,134.041,134.041,0,EURJPY
24/10/2017,133.203995,134.166,133.203995,133.231995,133.231995,0,EURJPY
25/10/2017,133.979004,134.483002,133.759995,133.981003,133.981003,0,EURJPY
26/10/2017,134.222,134.473999,132.996002,134.223999,134.223999,0,EURJPY
27/10/2017,132.820007,132.942001,131.748993,132.802994,132.802994,0,EURJPY
30/10/2017,131.945007,132.268005,131.539993,131.985001,131.985001,0,EURJPY
31/10/2017,131.682999,132.378998,131.509995,131.667007,131.667007,0,EURJPY
01/11/2017,132.427994,132.828003,132.369995,132.419998,132.419998,0,EURJPY
02/11/2017,132.770004,133.113007,132.591003,132.742996,132.742996,0,EURJPY
03/11/2017,132.936005,132.985001,132.537994,132.910004,132.910004,0,EURJPY
06/11/2017,132.630005,133.115005,132.024002,132.589996,132.589996,0,EURJPY
07/11/2017,132.106003,132.403,131.850006,132.112,132.112,0,EURJPY
08/11/2017,131.953003,132.164001,131.401993,131.968994,131.968994,0,EURJPY
09/11/2017,132.095993,132.244995,131.522995,132.076004,132.076004,0,EURJPY
10/11/2017,132.014008,132.311996,131.960007,132.039993,132.039993,0,EURJPY
13/11/2017,132.567001,132.567001,131.910004,132.563995,132.563995,0,EURJPY
14/11/2017,132.509003,133.524994,132.479996,132.470001,132.470001,0,EURJPY
15/11/2017,133.714005,133.828995,133.160995,133.735001,133.735001,0,EURJPY
16/11/2017,null,null,null,null,null,null,EURJPY
17/11/2017,133.134995,133.139999,132.059998,133.113998,133.113998,0,EURJPY
20/11/2017,131.414993,132.455994,131.292007,131.434006,131.434006,0,EURJPY
21/11/2017,132.117004,132.255005,131.574997,132.102997,132.102997,0,EURJPY
22/11/2017,131.893997,131.897995,131.466995,131.845993,131.845993,0,EURJPY
23/11/2017,131.460007,131.869003,131.231003,131.479996,131.479996,0,EURJPY
24/11/2017,131.845001,133.212997,131.839996,131.839996,131.839996,0,EURJPY
27/11/2017,133.173996,133.173996,132.130005,133.179001,133.179001,0,EURJPY
28/11/2017,132.320999,132.548996,131.970001,132.341995,132.341995,0,EURJPY
29/11/2017,132.248001,132.731003,132,132.274002,132.274002,0,EURJPY
30/11/2017,132.744995,133.690002,132.667999,132.733994,132.733994,0,EURJPY
01/12/2017,133.923004,134.343002,132.973007,133.917007,133.917007,0,EURJPY
04/12/2017,133.783997,134.033005,133.507996,133.843002,133.843002,0,EURJPY
05/12/2017,133.524002,133.738007,133.209,133.505997,133.505997,0,EURJPY
06/12/2017,133.052002,133.056,132.253998,133.054993,133.054993,0,EURJPY
07/12/2017,132.585007,132.947006,132.570007,132.546997,132.546997,0,EURJPY
08/12/2017,133.253006,133.595001,133.113007,133.229996,133.229996,0,EURJPY
11/12/2017,133.598007,133.873993,133.520004,133.608994,133.608994,0,EURJPY
12/12/2017,133.722,133.746994,133.171005,133.697006,133.697006,0,EURJPY
13/12/2017,133.300003,133.328995,132.880005,133.322998,133.322998,0,EURJPY
14/12/2017,133.449005,133.705994,132.455002,133.479996,133.479996,0,EURJPY
15/12/2017,132.330002,132.714996,132.050003,132.339996,132.339996,0,EURJPY
18/12/2017,132.380005,132.994003,132.350006,132.365005,132.365005,0,EURJPY
19/12/2017,132.660004,133.574997,132.600006,132.651001,132.651001,0,EURJPY
20/12/2017,133.753006,134.731003,133.658997,133.744003,133.744003,0,EURJPY
21/12/2017,134.492996,134.889999,134.451996,134.501999,134.501999,0,EURJPY
22/12/2017,134.244003,134.481003,133.901001,134.360001,134.360001,0,EURJPY
25/12/2017,134.225998,134.580002,134.132004,134.300003,134.300003,0,EURJPY
26/12/2017,134.503998,134.546005,134.223007,134.511002,134.511002,0,EURJPY
27/12/2017,134.227005,134.960007,134.190002,134.229996,134.229996,0,EURJPY
28/12/2017,134.748001,134.951996,134.460999,134.727005,134.727005,0,EURJPY
29/12/2017,134.779999,135.481995,134.572998,134.778,134.778,0,EURJPY
01/01/2018,135.240005,135.369995,135.164993,135.240005,135.240005,0,EURJPY
02/01/2018,135.445007,135.598007,134.940002,135.440002,135.440002,0,EURJPY
03/01/2018,135.406998,135.496002,134.809998,135.401001,135.401001,0,EURJPY
04/01/2018,135.253998,136.352997,135.244003,135.233994,135.233994,0,EURJPY
05/01/2018,136.093002,136.626007,136.089996,136.121994,136.121994,0,EURJPY
08/01/2018,136.188995,136.313995,135.130005,136.203003,136.203003,0,EURJPY
09/01/2018,135.460999,135.468002,134.056,135.434006,135.434006,0,EURJPY
10/01/2018,134.518997,134.522003,133.289993,134.501999,134.501999,0,EURJPY
11/01/2018,133.201004,134.341003,133.110001,133.237,133.237,0,EURJPY
12/01/2018,134.007996,135.348007,133.929993,134.014008,134.014008,0,EURJPY
15/01/2018,135.542999,135.970001,135.009995,135.449997,135.449997,0,EURJPY
16/01/2018,135.697998,136.091995,134.990005,135.656998,135.656998,0,EURJPY
17/01/2018,135.360001,135.880997,135.139999,135.451996,135.451996,0,EURJPY
18/01/2018,135.623993,136.287003,135.559998,135.694,135.694,0,EURJPY
19/01/2018,135.817001,136.029007,135.192993,135.850006,135.850006,0,EURJPY
22/01/2018,135.662994,135.932999,135.348999,135.641006,135.641006,0,EURJPY
23/01/2018,136.018997,136.184006,135.190002,136.001007,136.001007,0,EURJPY
24/01/2018,135.552994,135.638,134.947998,135.537994,135.537994,0,EURJPY
25/01/2018,135.490997,136.255997,135.039993,135.459,135.459,0,EURJPY
26/01/2018,135.869995,136.128998,134.584,135.945999,135.945999,0,EURJPY
29/01/2018,135.028,135.320999,134.328995,135.014008,135.014008,0,EURJPY
30/01/2018,134.901993,135.190002,134.145004,134.856995,134.856995,0,EURJPY
31/01/2018,134.940002,136.028,134.940002,134.925995,134.925995,0,EURJPY
01/02/2018,135.563004,136.723999,135.520004,135.600006,135.600006,0,EURJPY
02/02/2018,136.865005,137.477997,136.671997,136.862,136.862,0,EURJPY
05/02/2018,136.938004,137.087006,136.335007,136.955002,136.955002,0,EURJPY
06/02/2018,134.820999,135.755997,133.996002,134.919006,134.919006,0,EURJPY
07/02/2018,135.716995,135.759995,134.315002,135.720001,135.720001,0,EURJPY
08/02/2018,133.889999,134.776993,133.276001,133.955994,133.955994,0,EURJPY
09/02/2018,133.119003,134.138,132.613998,133.063995,133.063995,0,EURJPY
12/02/2018,133.291,133.638,132.927002,133.302994,133.302994,0,EURJPY
13/02/2018,133.671997,133.718002,132.533005,133.718002,133.718002,0,EURJPY
14/02/2018,133.110001,133.322006,131.613998,133.119995,133.119995,0,EURJPY
15/02/2018,132.886993,133.235992,132.529999,132.871002,132.871002,0,EURJPY
16/02/2018,132.645004,133.095001,131.910004,132.673004,132.673004,0,EURJPY
19/02/2018,131.891998,132.367004,131.891998,131.880997,131.880997,0,EURJPY
20/02/2018,132.324005,132.490005,132.110001,132.300995,132.300995,0,EURJPY
21/02/2018,132.442993,133.041,132.281998,132.453995,132.453995,0,EURJPY
22/02/2018,132.164993,132.199997,131.287994,132.089996,132.089996,0,EURJPY
23/02/2018,131.692001,131.830002,130.940002,131.660995,131.660995,0,EURJPY
26/02/2018,131.541,131.738998,131.080002,131.559006,131.559006,0,EURJPY
27/02/2018,131.886002,132.173996,131.354004,131.860992,131.860992,0,EURJPY
28/02/2018,131.337006,131.513,130.098007,131.378006,131.378006,0,EURJPY
01/03/2018,130.005005,130.740997,129.860001,130.003006,130.003006,0,EURJPY
02/03/2018,130.296005,130.431,129.580994,130.272995,130.272995,0,EURJPY
05/03/2018,130.024994,130.755005,129.356003,129.979996,129.979996,0,EURJPY
06/03/2018,131.115997,132.011002,130.600006,131.069,131.069,0,EURJPY
07/03/2018,131.160995,131.589996,131,131.039001,131.039001,0,EURJPY
08/03/2018,131.776001,131.966995,130.516998,131.798996,131.798996,0,EURJPY
09/03/2018,130.957001,131.884003,130.884995,130.947998,130.947998,0,EURJPY
12/03/2018,131.559998,131.658005,130.966003,131.561005,131.561005,0,EURJPY
13/03/2018,131.177002,132.417999,131.119995,131.115997,131.115997,0,EURJPY
14/03/2018,132.039001,132.253006,131.063995,131.983994,131.983994,0,EURJPY
15/03/2018,131.363998,131.449997,130.565002,131.369995,131.369995,0,EURJPY
16/03/2018,130.809998,130.839996,130.085999,130.828995,130.828995,0,EURJPY
19/03/2018,130.130005,130.949005,129.589996,130.139999,130.139999,0,EURJPY
20/03/2018,130.811996,131.667007,130.544006,130.770004,130.770004,0,EURJPY
21/03/2018,130.408005,130.630997,130.294006,130.410004,130.410004,0,EURJPY
22/03/2018,130.759995,131.009995,129.550003,130.789001,130.789001,0,EURJPY
23/03/2018,129.380997,129.955002,129.108994,129.369003,129.369003,0,EURJPY
26/03/2018,129.511002,130.875,129.473007,129.542999,129.542999,0,EURJPY
27/03/2018,131.449997,131.798996,130.897003,131.421005,131.421005,0,EURJPY
28/03/2018,130.882996,131.688004,130.615005,130.839996,130.839996,0,EURJPY
29/03/2018,131.473007,131.582993,130.628998,131.466995,131.466995,0,EURJPY
30/03/2018,130.970001,130.996994,130.625,130.972,130.972,0,EURJPY
02/04/2018,130.897995,131.289001,130.173996,130.903,130.903,0,EURJPY
03/04/2018,130.061996,130.897003,129.990005,130.050003,130.050003,0,EURJPY
04/04/2018,130.682999,131.141998,130.238007,130.677994,130.677994,0,EURJPY
05/04/2018,131.207001,131.460999,131.100006,131.190002,131.190002,0,EURJPY
06/04/2018,131.179993,131.602005,131.130997,131.149994,131.149994,0,EURJPY
09/04/2018,131.238007,131.988998,131.130005,131.259003,131.259003,0,EURJPY
10/04/2018,131.501007,132.597,131.432007,131.533005,131.533005,0,EURJPY
11/04/2018,132.427994,132.600998,132.059998,132.417007,132.417007,0,EURJPY
12/04/2018,132.160004,132.307007,131.834,132.160995,132.160995,0,EURJPY
13/04/2018,132.272003,132.886002,132.238007,132.201004,132.201004,0,EURJPY
16/04/2018,132.557999,132.960999,132.119995,132.574005,132.574005,0,EURJPY
17/04/2018,132.522003,132.764008,132.179993,132.574005,132.574005,0,EURJPY
18/04/2018,132.417999,132.893005,132.360001,132.406006,132.406006,0,EURJPY
19/04/2018,132.893005,133.056,132.494995,132.880005,132.880005,0,EURJPY
20/04/2018,132.626007,132.960007,132.054001,132.623993,132.623993,0,EURJPY
23/04/2018,132.367996,132.709,132.119003,132.386002,132.386002,0,EURJPY
24/04/2018,132.789993,133.479004,132.639008,132.779007,132.779007,0,EURJPY
25/04/2018,133.110001,133.328995,132.932007,133.149994,133.149994,0,EURJPY
26/04/2018,133.115997,133.25,132.289993,133.121002,133.121002,0,EURJPY
27/04/2018,132.339996,132.371994,131.889999,132.350006,132.350006,0,EURJPY
30/04/2018,132.246002,132.529007,131.908997,132.248001,132.248001,0,EURJPY
01/05/2018,132.076996,132.123993,131.539001,132.108994,132.108994,0,EURJPY
02/05/2018,131.764008,132.100006,131.488007,131.785995,131.785995,0,EURJPY
03/05/2018,131.257004,131.638,130.278,131.246994,131.246994,0,EURJPY
04/05/2018,130.800003,130.908997,129.910004,130.798996,130.798996,0,EURJPY
07/05/2018,130.479004,130.518005,130.089996,130.475006,130.475006,0,EURJPY
08/05/2018,129.987,130.089005,129.238998,130.003998,130.003998,0,EURJPY
09/05/2018,129.388,130.464005,129.339996,129.384003,129.384003,0,EURJPY
10/05/2018,130.110001,130.735001,130.011002,130.130005,130.130005,0,EURJPY
11/05/2018,130.421997,130.673996,130.005005,130.393997,130.393997,0,EURJPY
14/05/2018,130.654999,131.367996,130.589996,130.675995,130.675995,0,EURJPY
15/05/2018,130.923996,131.130997,130.453995,130.912003,130.912003,0,EURJPY
16/05/2018,130.380997,130.559006,129.533997,130.380005,130.380005,0,EURJPY
17/05/2018,130.406998,130.843994,130.25,130.384995,130.384995,0,EURJPY
18/05/2018,130.695007,131.102997,130.238007,130.688995,130.688995,0,EURJPY
21/05/2018,130.473999,130.998001,130.376999,130.460007,130.460007,0,EURJPY
22/05/2018,130.860001,131.315994,130.600006,130.841995,130.841995,0,EURJPY
23/05/2018,130.537003,130.634995,128.253006,130.531006,130.531006,0,EURJPY
24/05/2018,128.664993,128.848007,127.740997,128.654999,128.654999,0,EURJPY
25/05/2018,128.160995,128.514008,127.160004,128.138,128.138,0,EURJPY
28/05/2018,128.134995,128.501007,126.874001,128.132004,128.132004,0,EURJPY
29/05/2018,127.181999,127.251999,125.105003,127.182999,127.182999,0,EURJPY
30/05/2018,125.116997,127.253998,124.997002,125.045998,125.045998,0,EURJPY
31/05/2018,126.832001,127.656998,126.363998,126.809998,126.809998,0,EURJPY
01/06/2018,127.169998,128.100006,127.137001,127.160004,127.160004,0,EURJPY
04/06/2018,127.860001,128.639999,127.739998,127.877998,127.877998,0,EURJPY
05/06/2018,128.679993,128.679993,127.82,128.660995,128.660995,0,EURJPY
06/06/2018,128.839005,129.811996,128.699997,128.815994,128.815994,0,EURJPY
07/06/2018,129.759995,130.246994,129.522995,129.75,129.75,0,EURJPY
08/06/2018,129.380005,129.707993,128.100006,129.356995,129.356995,0,EURJPY
11/06/2018,129.041,130.042999,128.824997,128.960007,128.960007,0,EURJPY
12/06/2018,129.929001,130.257996,129.501999,129.964005,129.964005,0,EURJPY
13/06/2018,129.740005,130.132996,129.669006,129.751007,129.751007,0,EURJPY
14/06/2018,130.126999,130.233002,128.358002,130.119995,130.119995,0,EURJPY
15/06/2018,127.942001,128.496002,127.727997,127.974998,127.974998,0,EURJPY
18/06/2018,128.253006,128.399994,127.819,128.255005,128.255005,0,EURJPY
19/06/2018,128.121994,128.473999,126.678001,128.087997,128.087997,0,EURJPY
20/06/2018,127.564003,127.718002,127.141998,127.555,127.555,0,EURJPY
21/06/2018,127.740997,128.003006,127.018997,127.767998,127.767998,0,EURJPY
22/06/2018,127.597,128.585999,127.572998,127.603996,127.603996,0,EURJPY
25/06/2018,128.184998,128.266998,127.260002,128.195999,128.195999,0,EURJPY
26/06/2018,128.287994,128.442001,127.779999,128.285995,128.285995,0,EURJPY
27/06/2018,128.272003,128.311996,127.587997,128.261002,128.261002,0,EURJPY
28/06/2018,127.445999,127.905998,127.141998,127.446999,127.446999,0,EURJPY
29/06/2018,127.718002,129.404999,127.711998,127.75,127.75,0,EURJPY
02/07/2018,129.328003,129.494003,128.419006,129.259995,129.259995,0,EURJPY
03/07/2018,129.072998,129.516998,128.755005,129.067993,129.067993,0,EURJPY
04/07/2018,128.712006,128.934998,128.490997,128.718994,128.718994,0,EURJPY
05/07/2018,128.834,129.600998,128.578003,128.865997,128.865997,0,EURJPY
06/07/2018,129.270996,129.960007,129.263,129.289993,129.289993,0,EURJPY
09/07/2018,129.757996,130.251007,129.707001,129.761002,129.761002,0,EURJPY
10/07/2018,130.432007,130.587006,130.098007,130.440002,130.440002,0,EURJPY
11/07/2018,130.056,130.764008,129.906998,129.966995,129.966995,0,EURJPY
12/07/2018,130.744003,131.464996,130.735992,130.714005,130.714005,0,EURJPY
13/07/2018,131.401993,131.511993,130.806,131.427002,131.427002,0,EURJPY
16/07/2018,131.270004,131.694,131.261993,131.25,131.25,0,EURJPY
17/07/2018,131.576996,131.973999,131.550003,131.576996,131.576996,0,EURJPY
18/07/2018,131.703003,131.766998,130.897995,131.688004,131.688004,0,EURJPY
19/07/2018,131.365005,131.408005,130.919998,131.343994,131.343994,0,EURJPY
20/07/2018,130.964005,131.203995,130.608002,130.960999,130.960999,0,EURJPY
23/07/2018,130.391998,130.438004,129.873993,130.391998,130.391998,0,EURJPY
24/07/2018,130.324005,130.324005,129.764008,130.334,130.334,0,EURJPY
25/07/2018,130.022995,130.167007,129.419998,129.985001,129.985001,0,EURJPY
26/07/2018,130.139999,130.139999,129.447998,130.095993,130.095993,0,EURJPY
27/07/2018,129.410004,129.449005,129.134995,129.403,129.403,0,EURJPY
30/07/2018,129.328003,130.057007,129.315002,129.348999,129.348999,0,EURJPY
31/07/2018,129.949997,131.112,129.802994,129.942993,129.942993,0,EURJPY
01/08/2018,130.690994,131.091003,130.309006,130.658005,130.658005,0,EURJPY
02/08/2018,130.205002,130.279007,129.279999,130.192993,130.192993,0,EURJPY
03/08/2018,129.393997,129.518005,128.679993,129.393997,129.393997,0,EURJPY
06/08/2018,128.578995,128.863007,128.496002,128.606995,128.606995,0,EURJPY
07/08/2018,128.660004,128.990005,128.595001,128.660004,128.660004,0,EURJPY
08/08/2018,129.197998,129.449997,128.559006,129.182007,129.182007,0,EURJPY
09/08/2018,128.723999,129.001007,128.210007,128.748001,128.748001,0,EURJPY
10/08/2018,128.007996,128.007996,126.100998,127.998001,127.998001,0,EURJPY
13/08/2018,126.091003,126.760002,125.150002,126.038002,126.038002,0,EURJPY
14/08/2018,126.056,126.973999,125.819,126.164001,126.164001,0,EURJPY
15/08/2018,126.228996,126.364998,124.940002,126.209999,126.209999,0,EURJPY
16/08/2018,125.442001,126.336998,125.301003,125.408997,125.408997,0,EURJPY
17/08/2018,126.217003,126.389999,125.638,126.220001,126.220001,0,EURJPY
20/08/2018,126.359001,126.442001,126.071999,126.339996,126.339996,0,EURJPY
21/08/2018,126.300003,127.436996,126.276001,126.337997,126.337997,0,EURJPY
22/08/2018,127.452003,128.253998,127.347,127.483002,127.483002,0,EURJPY
23/08/2018,128.089996,128.757996,127.970001,128.100006,128.100006,0,EURJPY
24/08/2018,128.511002,129.343994,128.485992,128.516006,128.516006,0,EURJPY
27/08/2018,129.585007,129.723007,128.817993,129.623993,129.623993,0,EURJPY
28/08/2018,129.835007,130.261002,129.710007,129.845001,129.845001,0,EURJPY
29/08/2018,129.973999,130.820999,129.580002,129.953995,129.953995,0,EURJPY
30/08/2018,130.774994,130.843994,129.414001,130.806,130.806,0,EURJPY
31/08/2018,129.481995,129.798996,128.647003,129.473007,129.473007,0,EURJPY
03/09/2018,128.899994,129.136993,128.580002,128.912003,128.912003,0,EURJPY
04/09/2018,128.966995,129.134003,128.322998,129.028,129.028,0,EURJPY
05/09/2018,129.134995,129.949005,128.630005,129.139999,129.139999,0,EURJPY
06/09/2018,129.643005,129.785995,128.692001,129.667007,129.667007,0,EURJPY
07/09/2018,128.391998,129.087997,128.240005,128.391006,128.391006,0,EURJPY
10/09/2018,128.197006,129.056,127.860001,128.229996,128.229996,0,EURJPY
11/09/2018,128.863007,129.792999,128.776993,128.856995,128.856995,0,EURJPY
12/09/2018,129.403,129.794006,128.949005,129.401993,129.401993,0,EURJPY
13/09/2018,129.257004,130.783005,129.257004,129.311005,129.311005,0,EURJPY
14/09/2018,130.988998,131.106003,130.589996,130.953995,130.953995,0,EURJPY
17/09/2018,130.123001,130.988007,130.123001,130.164993,130.164993,0,EURJPY
18/09/2018,130.296005,131.487,130.296005,130.328003,130.328003,0,EURJPY
19/09/2018,131.132004,131.656006,130.822998,131.130997,131.130997,0,EURJPY
20/09/2018,131.121994,132.324997,130.949997,131.117004,131.117004,0,EURJPY
21/09/2018,132.464005,133.106995,132.179001,132.475006,132.475006,0,EURJPY
24/09/2018,132.195999,133.042007,131.906998,132.190002,132.190002,0,EURJPY
25/09/2018,132.563995,133.087997,132.365997,132.550003,132.550003,0,EURJPY
26/09/2018,132.891998,132.921997,132.539993,132.889008,132.889008,0,EURJPY
27/09/2018,132.380005,132.664001,131.582001,132.401001,132.401001,0,EURJPY
28/09/2018,131.951996,132.298004,131.182007,131.910995,131.910995,0,EURJPY
01/10/2018,132.033005,132.449997,131.764999,132.057007,132.057007,0,EURJPY
02/10/2018,131.927002,131.945007,130.722,131.910004,131.910004,0,EURJPY
03/10/2018,131.175995,131.953003,130.968994,131.194,131.194,0,EURJPY
04/10/2018,131.397003,131.565002,130.899994,131.380997,131.380997,0,EURJPY
05/10/2018,131.182999,131.354004,130.606003,131.184998,131.184998,0,EURJPY
08/10/2018,131.014008,131.238007,129.610001,131.022003,131.022003,0,EURJPY
09/10/2018,129.988998,130.179993,129.341003,129.988007,129.988007,0,EURJPY
10/10/2018,129.985992,130.494995,129.766006,130,130,0,EURJPY
11/10/2018,129.292999,130.166,129.292007,129.278,129.278,0,EURJPY
12/10/2018,129.923004,130.470993,129.421997,129.901993,129.901993,0,EURJPY
15/10/2018,129.615997,129.776993,129.139008,129.591003,129.591003,0,EURJPY
16/10/2018,129.548004,130.270996,129.529999,129.542007,129.542007,0,EURJPY
17/10/2018,130.022003,130.149994,129.177002,130.033997,130.033997,0,EURJPY
18/10/2018,129.514008,129.723007,128.839996,129.509995,129.509995,0,EURJPY
19/10/2018,128.531998,129.563004,128.526993,128.5,128.5,0,EURJPY
22/10/2018,129.436996,130.188004,129.201004,129.453995,129.453995,0,EURJPY
23/10/2018,129.248993,129.302002,128.264999,129.270996,129.270996,0,EURJPY
24/10/2018,129.003998,129.210999,128.076004,129.009003,129.009003,0,EURJPY
25/10/2018,127.693001,128.384995,127.491997,127.678001,127.678001,0,EURJPY
26/10/2018,127.760002,127.832001,126.652,127.795998,127.795998,0,EURJPY
29/10/2018,127.559998,128.210007,127.244003,127.552002,127.552002,0,EURJPY
30/10/2018,127.744003,128.432999,127.744003,127.778999,127.778999,0,EURJPY
31/10/2018,128.268997,128.531006,127.857002,128.25,128.25,0,EURJPY
01/11/2018,127.667,128.746994,127.617996,127.703003,127.703003,0,EURJPY
02/11/2018,128.528,129.298996,128.389999,128.524994,128.524994,0,EURJPY
05/11/2018,128.932007,129.115005,128.600998,128.919998,128.919998,0,EURJPY
06/11/2018,129.210999,129.457993,128.882996,129.179993,129.179993,0,EURJPY
07/11/2018,129.675995,130.132004,129.393997,129.660004,129.660004,0,EURJPY
08/11/2018,129.834,130.112,129.697998,129.820007,129.820007,0,EURJPY
09/11/2018,129.548004,129.585007,128.819,129.541,129.541,0,EURJPY
12/11/2018,128.910995,129.177994,127.82,128.916,128.916,0,EURJPY
13/11/2018,127.57,128.733994,127.500999,127.612,127.612,0,EURJPY
14/11/2018,128.740005,129.153,128.283997,128.707993,128.707993,0,EURJPY
15/11/2018,128.468994,128.837997,127.771004,128.455994,128.455994,0,EURJPY
16/11/2018,128.602997,128.764999,128.160995,128.595001,128.595001,0,EURJPY
19/11/2018,128.638,129.059998,128.470001,128.660995,128.660995,0,EURJPY
20/11/2018,128.837006,129.029007,128.007996,128.800003,128.800003,0,EURJPY
21/11/2018,128.179993,129.061005,128.160004,128.195999,128.195999,0,EURJPY
22/11/2018,128.725006,129.095993,128.662003,128.720001,128.720001,0,EURJPY
23/11/2018,128.841003,128.912003,127.862999,128.830002,128.830002,0,EURJPY
26/11/2018,128.033005,128.891998,127.989998,128.009995,128.009995,0,EURJPY
27/11/2018,128.651993,128.820007,128.360001,128.630005,128.630005,0,EURJPY
28/11/2018,128.528,128.718002,128.248001,128.535004,128.535004,0,EURJPY
29/11/2018,129.082993,129.123001,128.669998,129.082001,129.082001,0,EURJPY
30/11/2018,129.194,129.242004,128.457993,129.192001,129.192001,0,EURJPY
03/12/2018,129.014999,129.132004,128.550003,129.029007,129.029007,0,EURJPY
04/12/2018,128.959,129,128.119995,128.966995,128.966995,0,EURJPY
05/12/2018,127.832001,128.431,127.818001,127.828003,127.828003,0,EURJPY
06/12/2018,128.289001,128.354996,127.685997,128.291,128.291,0,EURJPY
07/12/2018,128.244003,128.584,128.119995,128.173996,128.173996,0,EURJPY
10/12/2018,128.291,128.925995,128.268005,128.251007,128.251007,0,EURJPY
11/12/2018,128.541,128.942001,128.229996,128.529999,128.529999,0,EURJPY
12/12/2018,128.369995,128.845993,128.279999,128.378006,128.378006,0,EURJPY
13/12/2018,128.832993,129.235992,128.710007,128.839996,128.839996,0,EURJPY
14/12/2018,129.048996,129.102005,128.054001,129.035004,129.035004,0,EURJPY
17/12/2018,128.197998,128.582993,127.986,128.194,128.194,0,EURJPY
18/12/2018,128.054993,128.100006,127.648003,128.052994,128.052994,0,EURJPY
19/12/2018,127.964996,128.350998,127.724998,127.994003,127.994003,0,EURJPY
20/12/2018,128.014999,128.350006,127.214996,128.018005,128.018005,0,EURJPY
21/12/2018,127.397003,127.68,126.546997,127.351997,127.351997,0,EURJPY
24/12/2018,126.290001,126.731003,126.000999,126.292,126.292,0,EURJPY
25/12/2018,125.790001,125.959999,125.349998,125.769997,125.769997,0,EURJPY
26/12/2018,126.022003,126.213997,125.800003,126.001999,126.001999,0,EURJPY
27/12/2018,126.408997,126.664001,126.024002,126.404999,126.404999,0,EURJPY
28/12/2018,126.774002,126.973999,126.288002,126.767998,126.767998,0,EURJPY
31/12/2018,126.220001,126.421997,125.414001,126.249001,126.249001,0,EURJPY
01/01/2019,125.690002,126.550003,125.660004,125.980003,125.980003,0,EURJPY
02/01/2019,125.702003,125.702003,123.887001,125.689003,125.689003,0,EURJPY
03/01/2019,121.591003,123.364998,121.320999,121.600998,121.600998,0,EURJPY
04/01/2019,122.871002,123.676003,122.614998,122.793999,122.793999,0,EURJPY
07/01/2019,123.785004,124.561996,123.43,123.820999,123.820999,0,EURJPY
08/01/2019,124.711998,124.847,124.129997,124.660004,124.660004,0,EURJPY
09/01/2019,124.592003,125.079002,124.481003,124.609001,124.609001,0,EURJPY
10/01/2019,124.976997,125.038002,124.376999,125.014999,125.014999,0,EURJPY
11/01/2019,124.690002,124.987,124.231003,124.619003,124.619003,0,EURJPY
14/01/2019,124.323997,124.348,123.771004,124.290001,124.290001,0,EURJPY
15/01/2019,124.183998,124.847,123.635002,124.186996,124.186996,0,EURJPY
16/01/2019,124.012001,124.171997,123.529999,123.980003,123.980003,0,EURJPY
17/01/2019,124.281998,124.291,123.752998,124.276001,124.276001,0,EURJPY
18/01/2019,124.330002,124.963997,124.330002,124.348,124.348,0,EURJPY
21/01/2019,124.625,124.811996,124.519997,124.627998,124.627998,0,EURJPY
22/01/2019,124.676003,124.690002,124.057999,124.681,124.681,0,EURJPY
23/01/2019,124.275002,124.904999,124.25,124.260002,124.260002,0,EURJPY
24/01/2019,124.657997,124.893997,124.005997,124.660004,124.660004,0,EURJPY
25/01/2019,123.938004,125.064003,123.910004,123.969002,123.969002,0,EURJPY
28/01/2019,124.834,124.996002,124.603996,124.853996,124.853996,0,EURJPY
29/01/2019,124.883003,125.231003,124.68,124.849998,124.849998,0,EURJPY
30/01/2019,125.106003,125.255997,124.891998,125.110001,125.110001,0,EURJPY
31/01/2019,125.135002,125.283997,124.580002,125.165001,125.165001,0,EURJPY
01/02/2019,124.610001,125.720001,124.394997,124.580002,124.580002,0,EURJPY
04/02/2019,125.389999,125.936996,125.389999,125.339996,125.339996,0,EURJPY
05/02/2019,125.769997,125.862,125.290001,125.752998,125.752998,0,EURJPY
06/02/2019,125.414001,125.431999,124.819,125.431999,125.431999,0,EURJPY
07/02/2019,125.014,125.014,124.339996,124.980003,124.980003,0,EURJPY
08/02/2019,124.477997,124.68,124.169998,124.454002,124.454002,0,EURJPY
11/02/2019,124.351997,124.862,124.330002,124.348,124.348,0,EURJPY
12/02/2019,124.510002,125.075996,124.452003,124.519997,124.519997,0,EURJPY
13/02/2019,125.235001,125.516998,125.049004,125.255997,125.255997,0,EURJPY
14/02/2019,124.968002,125.435997,124.75,124.950996,124.950996,0,EURJPY
15/02/2019,124.842003,124.842003,124.235001,124.849998,124.849998,0,EURJPY
18/02/2019,124.848,125.265999,124.805,124.900002,124.900002,0,EURJPY
19/02/2019,125.091003,125.456001,124.75,125.093002,125.093002,0,EURJPY
20/02/2019,125.426003,125.924004,125.426003,125.393997,125.393997,0,EURJPY
21/02/2019,125.650002,125.837997,125.309998,125.671997,125.671997,0,EURJPY
22/02/2019,125.529999,125.767998,125.400002,125.540001,125.540001,0,EURJPY
25/02/2019,125.606003,126.021004,125.360001,125.632004,125.632004,0,EURJPY
26/02/2019,126.162003,126.209999,125.726997,126.206001,126.206001,0,EURJPY
27/02/2019,125.945,126.330002,125.538002,125.93,125.93,0,EURJPY
28/02/2019,126.141998,126.884003,125.910004,126.155998,126.155998,0,EURJPY
01/03/2019,126.651001,127.470001,126.651001,126.646004,126.646004,0,EURJPY
04/03/2019,127.315002,127.342003,126.440002,127.309998,127.309998,0,EURJPY
05/03/2019,126.712997,126.931,126.43,126.719002,126.719002,0,EURJPY
06/03/2019,126.456001,126.519997,126.18,126.469002,126.469002,0,EURJPY
07/03/2019,126.289001,126.417,125.084,126.280998,126.280998,0,EURJPY
08/03/2019,125.013,125.013,124.272003,125.010002,125.010002,0,EURJPY
11/03/2019,124.742996,125.196999,124.470001,124.739998,124.739998,0,EURJPY
12/03/2019,125.331001,125.738998,125.080002,125.358002,125.358002,0,EURJPY
13/03/2019,125.640999,125.945999,125.449997,125.627998,125.627998,0,EURJPY
14/03/2019,126.009003,126.559998,125.919998,125.989998,125.989998,0,EURJPY
15/03/2019,126.375999,126.559998,126.129997,126.360001,126.360001,0,EURJPY
18/03/2019,126.264999,126.681,126.230003,126.269997,126.269997,0,EURJPY
19/03/2019,126.263,126.608002,126.080002,126.248001,126.248001,0,EURJPY
20/03/2019,126.529999,126.734001,126.468002,126.489998,126.489998,0,EURJPY
21/03/2019,126.459,126.581001,125.669998,126.458,126.458,0,EURJPY
22/03/2019,126.033997,126.168999,123.839996,126.010002,126.010002,0,EURJPY
25/03/2019,124.383003,124.809998,123.891998,124.342003,124.342003,0,EURJPY
26/03/2019,124.528,125.007004,124.43,124.519997,124.519997,0,EURJPY
27/03/2019,124.630997,124.718002,124.043999,124.620003,124.620003,0,EURJPY
28/03/2019,124.303001,124.412003,123.650002,124.309998,124.309998,0,EURJPY
29/03/2019,124.260002,124.621002,124.150002,124.220001,124.220001,0,EURJPY
01/04/2019,124.564003,124.950996,124.522003,124.57,124.57,0,EURJPY
02/04/2019,124.860001,124.861,124.477997,124.878998,124.878998,0,EURJPY
03/04/2019,124.704002,125.439003,124.619003,124.68,124.68,0,EURJPY
04/04/2019,125.236,125.377998,124.970001,125.254997,125.254997,0,EURJPY
05/04/2019,125.308998,125.495003,125.279999,125.311996,125.311996,0,EURJPY
08/04/2019,125.305,125.575996,124.970001,125.310997,125.310997,0,EURJPY
09/04/2019,125.447998,125.595001,125.177002,125.449997,125.449997,0,EURJPY
10/04/2019,125.151001,125.413002,124.779999,125.164001,125.164001,0,EURJPY
11/04/2019,125.120003,125.693001,125.120003,125.120003,125.120003,0,EURJPY
12/04/2019,125.700996,126.763,125.690002,125.689003,125.689003,0,EURJPY
15/04/2019,126.634003,126.764999,126.5,126.610001,126.610001,0,EURJPY
16/04/2019,126.547997,126.667,126.226997,126.549004,126.549004,0,EURJPY
17/04/2019,126.333,126.793999,126.333,126.337997,126.337997,0,EURJPY
18/04/2019,126.560997,126.560997,125.720001,126.544998,126.544998,0,EURJPY
19/04/2019,125.819,125.879997,125.699997,125.820999,125.820999,0,EURJPY
22/04/2019,125.832001,126.056,125.739998,125.827003,125.827003,0,EURJPY
23/04/2019,126.014999,126.014999,125.279999,126.012001,126.012001,0,EURJPY
24/04/2019,125.554001,125.579002,125.054001,125.550003,125.550003,0,EURJPY
25/04/2019,125.139999,125.214996,124.212997,125.126999,125.126999,0,EURJPY
26/04/2019,124.262001,124.705002,124.134003,124.299004,124.299004,0,EURJPY
29/04/2019,124.496002,124.961998,124.419998,124.501999,124.501999,0,EURJPY
30/04/2019,124.954002,125.078003,124.478996,124.970001,124.970001,0,EURJPY
01/05/2019,124.989998,125.217003,124.93,124.981003,124.981003,0,EURJPY
02/05/2019,124.858002,125.110001,124.557999,124.877998,124.877998,0,EURJPY
03/05/2019,124.540001,124.613998,124.269997,124.596001,124.596001,0,EURJPY
06/05/2019,123.742996,124.227997,123.379997,123.755997,123.755997,0,EURJPY
07/05/2019,124.137001,124.230003,123.321999,124.110001,124.110001,0,EURJPY
08/05/2019,123.369003,123.510002,123.080002,123.375999,123.375999,0,EURJPY
09/05/2019,123.190002,123.248001,122.503998,123.206001,123.206001,0,EURJPY
10/05/2019,123.237,123.598999,123.039001,123.181999,123.181999,0,EURJPY
13/05/2019,123.183998,123.328003,122.553001,123.198997,123.198997,0,EURJPY
14/05/2019,122.622002,123.389999,122.620003,122.599998,122.599998,0,EURJPY
15/05/2019,122.875999,123.056,122.091003,122.874001,122.874001,0,EURJPY
16/05/2019,122.650002,122.954002,122.542999,122.669998,122.669998,0,EURJPY
17/05/2019,122.75,122.926003,122.289001,122.759003,122.759003,0,EURJPY
20/05/2019,122.983002,123.168999,122.540001,122.989998,122.989998,0,EURJPY
21/05/2019,122.93,123.660004,122.669998,122.919998,122.919998,0,EURJPY
22/05/2019,123.401001,123.502998,123.010002,123.438004,123.438004,0,EURJPY
23/05/2019,122.947998,123.042,122.153999,122.93,122.93,0,EURJPY
24/05/2019,122.516998,122.816002,122.432999,122.526001,122.526001,0,EURJPY
27/05/2019,122.591003,122.793999,122.459999,122.623001,122.623001,0,EURJPY
28/05/2019,122.565002,122.691002,122.18,122.574997,122.574997,0,EURJPY
29/05/2019,122.141998,122.196999,121.580002,122.112,122.112,0,EURJPY
30/05/2019,122,122.25,121.959999,121.987,121.987,0,EURJPY
31/05/2019,121.642998,121.831001,120.924004,121.717003,121.717003,0,EURJPY
03/06/2019,120.925003,121.499001,120.785004,120.911003,120.911003,0,EURJPY
04/06/2019,121.514,121.774002,121.290001,121.482002,121.482002,0,EURJPY
05/06/2019,121.804001,122.258003,121.608002,121.823997,121.823997,0,EURJPY
06/06/2019,121.633003,122.222,121.279999,121.639999,121.639999,0,EURJPY
07/06/2019,122.294998,122.559998,122.089996,122.291,122.291,0,EURJPY
10/06/2019,122.744003,122.910004,122.629997,122.739998,122.739998,0,EURJPY
11/06/2019,122.647003,123.125,122.610001,122.634003,122.634003,0,EURJPY
12/06/2019,122.899002,122.982002,122.599998,122.886002,122.886002,0,EURJPY
13/06/2019,122.528999,122.544998,122.179001,122.515999,122.515999,0,EURJPY
14/06/2019,122.170998,122.25,121.589996,122.18,122.18,0,EURJPY
17/06/2019,121.755997,122.120003,121.656998,121.779999,121.779999,0,EURJPY
18/06/2019,121.822998,121.870003,121.059998,121.833,121.833,0,EURJPY
19/06/2019,121.572998,121.616997,121.150002,121.578003,121.578003,0,EURJPY
20/06/2019,121.459,121.894997,121.120003,121.472,121.472,0,EURJPY
21/06/2019,121.139999,122.004997,120.940002,121.168999,121.168999,0,EURJPY
24/06/2019,122.155998,122.380997,122.120003,122.164001,122.164001,0,EURJPY
25/06/2019,122.376999,122.457001,121.653,122.348999,122.348999,0,EURJPY
26/06/2019,121.846001,122.596001,121.830002,121.809998,121.809998,0,EURJPY
27/06/2019,122.532997,122.862999,122.400002,122.535004,122.535004,0,EURJPY
28/06/2019,122.544998,122.771004,122.260002,122.518997,122.518997,0,EURJPY
01/07/2019,123.098999,123.098999,122.540001,123.125,123.125,0,EURJPY
02/07/2019,122.330002,122.508003,121.997002,122.310997,122.310997,0,EURJPY
03/07/2019,121.739998,121.789001,121.322998,121.699997,121.699997,0,EURJPY
04/07/2019,121.635002,121.708,121.540001,121.629997,121.629997,0,EURJPY
05/07/2019,121.669998,121.917999,121.598,121.669998,121.669998,0,EURJPY
08/07/2019,121.787003,121.913002,121.5,121.769997,121.769997,0,EURJPY
09/07/2019,121.934998,122.112,121.830002,121.910004,121.910004,0,EURJPY
10/07/2019,122.035004,122.309998,121.978996,122.043999,122.043999,0,EURJPY
11/07/2019,121.961998,122.031998,121.607002,121.963997,121.963997,0,EURJPY
12/07/2019,122.162003,122.224998,121.489998,122.177002,122.177002,0,EURJPY
15/07/2019,121.537003,121.830002,121.449997,121.541,121.541,0,EURJPY
16/07/2019,121.487999,121.664001,121.080002,121.503998,121.503998,0,EURJPY
17/07/2019,121.313004,121.474998,121.199997,121.311996,121.311996,0,EURJPY
18/07/2019,121.162003,121.203003,120.802002,121.181,121.181,0,EURJPY
19/07/2019,120.954002,121.272003,120.811996,120.943001,120.943001,0,EURJPY
22/07/2019,120.958,121.153999,120.830002,120.940002,120.940002,0,EURJPY
23/07/2019,120.860001,121.065002,120.489998,120.910004,120.910004,0,EURJPY
24/07/2019,120.669998,120.685997,120.224998,120.690002,120.690002,0,EURJPY
25/07/2019,120.528999,121.352997,120.056,120.543999,120.543999,0,EURJPY
26/07/2019,121.112,121.188004,120.796997,121.099998,121.099998,0,EURJPY
29/07/2019,120.904999,121.294998,120.720001,120.879997,120.879997,0,EURJPY
30/07/2019,121.293999,121.359001,120.886002,121.301003,121.301003,0,EURJPY
31/07/2019,121.112,121.177002,120.819,121.125999,121.125999,0,EURJPY
01/08/2019,120.480003,120.704002,119.559998,120.459999,120.459999,0,EURJPY
02/08/2019,119.014,119.088997,118.266998,119.016998,119.016998,0,EURJPY
05/08/2019,118.370003,118.841003,117.693001,118.377998,118.377998,0,EURJPY
06/08/2019,118.739998,119.783997,118.704002,118.721001,118.721001,0,EURJPY
07/08/2019,119.113998,119.176003,118.458,119.141998,119.141998,0,EURJPY
08/08/2019,118.916,119.136002,118.550003,118.900002,118.900002,0,EURJPY
09/08/2019,118.442001,118.714996,118.196999,118.445,118.445,0,EURJPY
12/08/2019,118.113998,118.296997,117.514999,118.100998,118.100998,0,EURJPY
13/08/2019,118.169998,119.568001,117.695999,118.169998,118.169998,0,EURJPY
14/08/2019,119.128998,119.132004,117.809998,119.134003,119.134003,0,EURJPY
15/08/2019,118.030998,118.685997,117.769997,118,118,0,EURJPY
16/08/2019,117.875999,118.139999,117.580002,117.839996,117.839996,0,EURJPY
19/08/2019,118.030998,118.453003,117.830002,118.051003,118.051003,0,EURJPY
20/08/2019,118.098999,118.258003,117.57,118.110001,118.110001,0,EURJPY
21/08/2019,117.961998,118.303001,117.93,117.932999,117.932999,0,EURJPY
22/08/2019,118.216003,118.292999,117.727997,118.209999,118.209999,0,EURJPY
23/08/2019,118.013,118.128998,117.279999,118,118,0,EURJPY
26/08/2019,116.847,118.055,116.847,116.832001,116.832001,0,EURJPY
27/08/2019,117.620003,117.710999,117.220001,117.642998,117.642998,0,EURJPY
28/08/2019,117.266998,117.390999,117.099998,117.263,117.263,0,EURJPY
29/08/2019,117.598,117.888,117.282997,117.584999,117.584999,0,EURJPY
30/08/2019,117.75,117.769997,116.720001,117.699997,117.699997,0,EURJPY
02/09/2019,116.662003,116.764,116.43,116.650002,116.650002,0,EURJPY
03/09/2019,116.432999,116.459999,115.867996,116.449997,116.449997,0,EURJPY
04/09/2019,116.161003,117.204002,116.148003,116.129997,116.129997,0,EURJPY
05/09/2019,117.343002,118.592003,117.268997,117.327003,117.327003,0,EURJPY
06/09/2019,118.120003,118.255997,117.849998,118.132004,118.132004,0,EURJPY
09/09/2019,117.839996,118.484001,117.736,117.851997,117.851997,0,EURJPY
10/09/2019,118.549004,118.750999,118.269997,118.582001,118.582001,0,EURJPY
11/09/2019,null,null,null,null,null,null,EURJPY
12/09/2019,null,null,null,null,null,null,EURJPY
13/09/2019,null,null,null,null,null,null,EURJPY
16/09/2019,null,null,null,null,null,null,EURJPY
17/09/2019,null,null,null,null,null,null,EURJPY
18/09/2019,null,null,null,null,null,null,EURJPY
19/09/2019,null,null,null,null,null,null,EURJPY
20/09/2019,null,null,null,null,null,null,EURJPY
23/09/2019,null,null,null,null,null,null,EURJPY
24/09/2019,null,null,null,null,null,null,EURJPY
25/09/2019,null,null,null,null,null,null,EURJPY
26/09/2019,null,null,null,null,null,null,EURJPY
27/09/2019,null,null,null,null,null,null,EURJPY
30/09/2019,null,null,null,null,null,null,EURJPY
01/10/2019,null,null,null,null,null,null,EURJPY
02/10/2019,null,null,null,null,null,null,EURJPY
03/10/2019,null,null,null,null,null,null,EURJPY
04/10/2019,null,null,null,null,null,null,EURJPY
07/10/2019,null,null,null,null,null,null,EURJPY
08/10/2019,117.681,117.953003,117.137001,117.670998,117.670998,0,EURJPY
09/10/2019,null,null,null,null,null,null,EURJPY
10/10/2019,117.785004,118.912003,117.738998,117.736,117.736,0,EURJPY
11/10/2019,118.739998,119.988998,118.739998,118.779999,118.779999,0,EURJPY
14/10/2019,119.602997,119.602997,119.18,119.610001,119.610001,0,EURJPY
15/10/2019,119.484001,120.198997,119.139999,119.508003,119.508003,0,EURJPY
16/10/2019,120.061996,120.417,119.750999,120.069,120.069,0,EURJPY
17/10/2019,120.342003,121.336998,120.330002,120.360001,120.360001,0,EURJPY
18/10/2019,120.806999,121.044998,120.658997,120.800003,120.800003,0,EURJPY
21/10/2019,120.93,121.455002,120.900002,120.931,120.931,0,EURJPY
22/10/2019,121.107002,121.280998,120.739998,121.098,121.098,0,EURJPY
23/10/2019,120.719002,120.818001,120.370003,120.724998,120.724998,0,EURJPY
24/10/2019,120.905998,121.378998,120.419998,120.940002,120.940002,0,EURJPY
25/10/2019,120.601997,120.802002,120.350998,120.592003,120.592003,0,EURJPY
28/10/2019,120.510002,120.940002,120.449997,120.5,120.5,0,EURJPY
29/10/2019,120.900002,121.056999,120.550003,120.935997,120.935997,0,EURJPY
30/10/2019,120.986,121.089996,120.860001,120.980003,120.980003,0,EURJPY
31/10/2019,121.355003,121.456001,120.339996,121.321999,121.321999,0,EURJPY
01/11/2019,120.519997,120.805,120.360001,120.496002,120.496002,0,EURJPY
04/11/2019,120.82,121.085999,120.739998,120.836998,120.836998,0,EURJPY
05/11/2019,120.954002,121.296997,120.695999,120.947998,120.947998,0,EURJPY
06/11/2019,120.851997,120.900002,120.549004,120.869003,120.869003,0,EURJPY
07/11/2019,120.573997,121.086998,120.139999,120.565002,120.565002,0,EURJPY
08/11/2019,120.767998,120.866997,120.220001,120.773003,120.773003,0,EURJPY
11/11/2019,120.374001,120.408997,120.067001,120.389999,120.389999,0,EURJPY
12/11/2019,120.332001,120.632004,120.149002,120.313004,120.313004,0,EURJPY
13/11/2019,120.018997,120.167999,119.595001,120.024002,120.024002,0,EURJPY
14/11/2019,119.754997,119.804001,119.264,119.769997,119.769997,0,EURJPY
15/11/2019,119.543999,120.246002,119.529999,119.557999,119.557999,0,EURJPY
18/11/2019,120.152,120.670998,120.139999,120.153999,120.153999,0,EURJPY
19/11/2019,120.325996,120.487,120.004997,120.300003,120.300003,0,EURJPY
20/11/2019,120.175003,120.375,119.862,120.139,120.139,0,EURJPY
21/11/2019,120.182999,120.527,119.93,120.18,120.18,0,EURJPY
22/11/2019,120.142998,120.359001,119.782997,120.150002,120.150002,0,EURJPY
25/11/2019,119.839996,120.089996,119.783997,119.830002,119.830002,0,EURJPY
26/11/2019,120,120.198997,119.926003,120.002998,120.002998,0,EURJPY
27/11/2019,120.235001,120.335999,120.059998,120.247002,120.247002,0,EURJPY
28/11/2019,120.370003,120.57,120.337997,120.351997,120.351997,0,EURJPY
29/11/2019,120.584999,120.75,120.413002,120.584999,120.584999,0,EURJPY
02/12/2019,120.671997,121.005997,120.528,120.685997,120.685997,0,EURJPY
03/12/2019,120.738998,120.954002,120.242996,120.753998,120.753998,0,EURJPY
04/12/2019,120.417999,120.776001,120.101997,120.400002,120.400002,0,EURJPY
05/12/2019,120.614998,120.878998,120.550003,120.599998,120.599998,0,EURJPY
06/12/2019,120.750999,120.777,120.014999,120.739998,120.739998,0,EURJPY
09/12/2019,120.097,120.264,119.970001,120.122002,120.122002,0,EURJPY
10/12/2019,120.141998,120.620003,120.112999,120.137001,120.137001,0,EURJPY
11/12/2019,120.663002,120.669998,120.374001,120.643997,120.643997,0,EURJPY
12/12/2019,120.836998,121.542,120.765999,120.844002,120.844002,0,EURJPY
13/12/2019,122.356003,122.641998,121.471001,122.383003,122.383003,0,EURJPY
16/12/2019,121.682999,122.225998,121.639999,121.694,121.694,0,EURJPY
17/12/2019,122.021004,122.435997,121.93,122.036003,122.036003,0,EURJPY
18/12/2019,122.125,122.126999,121.749001,122.120003,122.120003,0,EURJPY
19/12/2019,121.762001,122.038002,121.426003,121.771004,121.771004,0,EURJPY
20/12/2019,121.681,121.681,121.199997,121.660004,121.660004,0,EURJPY
23/12/2019,121.309998,121.339996,121.092003,121.310997,121.310997,0,EURJPY
24/12/2019,121.307999,121.375,121.059998,121.301003,121.301003,0,EURJPY
25/12/2019,121.230003,121.910004,120.987999,121.230003,121.230003,0,EURJPY
26/12/2019,121.341003,121.764,121.334,121.342003,121.342003,0,EURJPY
27/12/2019,121.714996,122.468002,121.504997,121.68,121.68,0,EURJPY
30/12/2019,122.401001,122.467003,121.891998,122.397003,122.397003,0,EURJPY
31/12/2019,121.977997,122.084999,121.709999,121.989998,121.989998,0,EURJPY
01/01/2020,121.970001,122.089996,121.32,121.970001,121.970001,0,EURJPY
02/01/2020,121.969002,122.014999,120.999001,121.973,121.973,0,EURJPY
03/01/2020,121.239998,121.277,120.175003,121.245003,121.245003,0,EURJPY
06/01/2020,120.542999,121.265999,120.474998,120.500999,120.500999,0,EURJPY
07/01/2020,121.367996,121.440002,120.787003,121.360001,121.360001,0,EURJPY
08/01/2020,120.434998,121.237,120.175003,120.485001,120.485001,0,EURJPY
09/01/2020,121.203003,121.675003,121.160004,121.168999,121.168999,0,EURJPY
10/01/2020,121.644997,121.817001,121.529999,121.653999,121.653999,0,EURJPY
13/01/2020,121.755997,122.476997,121.75,121.792,121.792,0,EURJPY
14/01/2020,122.472,122.716003,122.190002,122.475998,122.475998,0,EURJPY
15/01/2020,122.264,122.709999,122.209999,122.241997,122.241997,0,EURJPY
16/01/2020,122.539001,122.848999,122.515999,122.542999,122.542999,0,EURJPY
17/01/2020,122.691002,122.834,122.120003,122.695,122.695,0,EURJPY
20/01/2020,122.254997,122.310997,122.010002,122.228996,122.228996,0,EURJPY
21/01/2020,122.250999,122.366997,121.875999,122.250999,122.250999,0,EURJPY
22/01/2020,121.846001,122.004997,121.589996,121.837997,121.837997,0,EURJPY
23/01/2020,121.759003,121.775002,120.639,121.75,121.75,0,EURJPY
24/01/2020,121.120003,121.218002,120.5,121.101997,121.101997,0,EURJPY
27/01/2020,119.970001,120.382004,119.900002,119.949997,119.949997,0,EURJPY
28/01/2020,120.019997,120.204002,119.810997,120.021004,120.021004,0,EURJPY
29/01/2020,120.288002,120.357002,119.904999,120.287003,120.287003,0,EURJPY
30/01/2020,120.041,120.098999,119.806999,120.033997,120.033997,0,EURJPY
31/01/2020,120.109001,120.389999,120.056,120.063004,120.063004,0,EURJPY
03/02/2020,120.177002,120.371002,119.919998,120.175003,120.175003,0,EURJPY
04/02/2020,120.150002,120.815002,120.070999,120.151001,120.151001,0,EURJPY
05/02/2020,120.869003,121.142998,120.650002,120.882004,120.882004,0,EURJPY
06/02/2020,120.785004,121.001999,120.577003,120.792999,120.792999,0,EURJPY
07/02/2020,120.745003,120.751999,120.112999,120.739998,120.739998,0,EURJPY
10/02/2020,120.023003,120.331001,119.769997,120.045998,120.045998,0,EURJPY
11/02/2020,119.747002,120.017998,119.599998,119.763,119.763,0,EURJPY
12/02/2020,119.910004,120.278999,119.760002,119.93,119.93,0,EURJPY
13/02/2020,119.481003,119.585999,118.889999,119.459999,119.459999,0,EURJPY
14/02/2020,119.022003,119.223,118.879997,118.989998,118.989998,0,EURJPY
17/02/2020,118.997002,119.195999,118.913002,119.025002,119.025002,0,EURJPY
18/02/2020,119.014999,119.014999,118.461998,119.018997,119.018997,0,EURJPY
19/02/2020,118.661003,120.085999,118.620003,118.657997,118.657997,0,EURJPY
20/02/2020,120.210999,121.371002,120.108002,120.220001,120.220001,0,EURJPY
21/02/2020,120.789001,121.345001,120.379997,120.779999,120.779999,0,EURJPY
24/02/2020,120.902,121.054001,119.946999,120.910004,120.910004,0,EURJPY
25/02/2020,120.275002,120.518997,119.425003,120.266998,120.266998,0,EURJPY
26/02/2020,119.973,120.519997,119.753998,119.970001,119.970001,0,EURJPY
27/02/2020,120.128998,120.961998,119.949997,120.133003,120.133003,0,EURJPY
28/02/2020,120.566002,120.581001,118.417,120.588997,120.588997,0,EURJPY
02/03/2020,119.085999,120.614998,118.871002,119.011002,119.011002,0,EURJPY
03/03/2020,120.848999,120.848999,119.552002,120.890999,120.890999,0,EURJPY
04/03/2020,119.667999,120.121002,119.085999,119.642998,119.642998,0,EURJPY
05/03/2020,119.915001,119.915001,119.18,119.941002,119.941002,0,EURJPY
09/03/2020,118.959999,118.959999,116.099998,116.959,116.959,0,EURJPY
